age,gender,state,product,price,promotion,final_price,profit,sales_channel,pd_day,pd_month,pd_year
25,F,Monterrey,Rubí,1900,0.0,1900,1596.0,Google ads,8,5,2022
26,F,Baja California,Rubí,1900,0.0,1900,1596.0,Instagram,7,3,2022
43,F,Guadalajara,Rubí,1900,0.0,1900,1596.0,Website,20,7,2022
29,F,Guadalajara,Diamante,2800,0.1,2520,2116.8,Facebook Ads,11,8,2022
28,F,Quintana Roo,Diamante,2800,0.3,1960,1646.4,Facebook Ads,10,8,2022
28,F,Nuevo León,Rubí,1900,0.0,1900,1596.0,Website,10,8,2022
29,F,Veracruz,Diamante,2800,0.1,2520,2116.8,Email,7,6,2022
26,M,Chihuahua,Rubí,1900,0.0,1900,1596.0,Google ads,10,5,2022
30,F,Baja California,Diamante,2800,0.0,2800,2352.0,Facebook Ads,11,4,2022
29,F,Monterrey,Diamante,2800,0.0,2800,2352.0,Instagram,7,12,2022
29,F,Zacatecas,Diamante,2800,0.3,1960,1646.4,Email,8,2,2022
26,M,Guadalajara,Rubí,1900,0.0,1900,1596.0,Email,29,11,2022
31,F,Campeche,Rubí,1900,0.0,1900,1596.0,Google ads,9,10,2022
27,M,Monterrey,Rubí,1900,0.0,1900,1596.0,Facebook Ads,28,8,2022
30,M,Monterrey,Diamante,2800,0.0,2800,2352.0,Website,14,10,2022
26,F,Ciudad de México,Rubí,1900,0.0,1900,1596.0,Google ads,13,9,2022
45,F,Campeche,Rubí,1900,0.0,1900,1596.0,Email,15,11,2022
27,F,Ciudad de México,Rubí,1900,0.0,1900,1596.0,Facebook Ads,27,7,2022
39,F,Zacatecas,Diamante,2800,0.2,2240,1881.6,Website,16,10,2022
27,F,Monterrey,Diamante,2800,0.2,2240,1881.6,Instagram Ads,14,10,2022
25,M,Monterrey,Diamante,2800,0.2,2240,1881.6,Instagram Ads,16,11,2022
26,F,Guadalajara,Rubí,1900,0.0,1900,1596.0,Facebook Ads,14,8,2022
29,M,Monterrey,Diamante,2800,0.2,2240,1881.6,Instagram Ads,8,6,2022
34,F,Zacatecas,Rubí,1900,0.0,1900,1596.0,Facebook Ads,25,8,2022
29,M,Zacatecas,Diamante,2800,0.2,2240,1881.6,Instagram Ads,8,5,2022
38,M,Zacatecas,Rubí,1900,0.0,1900,1596.0,Website,21,12,2022
36,F,Coahuila,Rubí,1900,0.0,1900,1596.0,Instagram Ads,18,11,2022
30,M,Oaxaca,Rubí,1900,0.0,1900,1596.0,Website,30,10,2022
28,F,Monterrey,Rubí,1900,0.0,1900,1596.0,Email,23,12,2022
29,M,Zacatecas,Diamante,2800,0.0,2800,2352.0,Instagram Ads,7,7,2022
34,F,Querétaro,Rubí,1900,0.0,1900,1596.0,Google ads,21,7,2022
25,F,Sinaloa,Rubí,1900,0.0,1900,1596.0,Email,10,10,2022
26,F,Zacatecas,Diamante,2800,0.1,2520,2116.8,Google ads,14,10,2022
25,M,Monterrey,Rubí,1900,0.0,1900,1596.0,Google ads,28,8,2022
35,F,Quintana Roo,Diamante,2800,0.3,1960,1646.4,Facebook Ads,29,11,2022
27,F,Guadalajara,Rubí,1900,0.0,1900,1596.0,Google ads,27,8,2022
28,M,Guadalajara,Rubí,1900,0.0,1900,1596.0,Facebook Ads,8,10,2022
26,M,Oaxaca,Rubí,1900,0.0,1900,1596.0,Email,14,11,2022
26,F,Monterrey,Rubí,1900,0.0,1900,1596.0,Instagram Ads,23,12,2022
25,M,Aguascalientes,Rubí,1900,0.0,1900,1596.0,Facebook Ads,8,10,2022
40,F,Puebla,Rubí,1900,0.0,1900,1596.0,Whatsapp,10,7,2022
29,M,Guadalajara,Rubí,1900,0.0,1900,1596.0,Website,8,12,2022
45,F,Aguascalientes,Rubí,1900,0.0,1900,1596.0,Instagram Ads,9,11,2022
45,M,Veracruz,Rubí,1900,0.0,1900,1596.0,Google ads,7,9,2022
30,F,Monterrey,Diamante,2800,0.1,2520,2116.8,Email,12,2,2022
27,M,Monterrey,Rubí,1900,0.0,1900,1596.0,Google ads,12,12,2022
29,M,Puebla,Diamante,2800,0.1,2520,2116.8,Google ads,8,10,2022
29,F,Guadalajara,Rubí,1900,0.0,1900,1596.0,Facebook Ads,23,7,2022
27,F,Monterrey,Rubí,1900,0.0,1900,1596.0,Google ads,17,8,2022
26,F,Chiapas,Rubí,1900,0.0,1900,1596.0,Facebook Ads,8,3,2022
30,F,Monterrey,Rubí,1900,0.0,1900,1596.0,Instagram,26,7,2022
27,F,Sinaloa,Rubí,1900,0.0,1900,1596.0,Google ads,15,12,2022
43,F,Jalisco,Rubí,1900,0.0,1900,1596.0,Website,24,12,2022
37,M,Zacatecas,Diamante,2800,0.0,2800,2352.0,Instagram Ads,13,7,2022
43,F,Monterrey,Diamante,2800,0.2,2240,1881.6,Google ads,7,3,2022
31,F,Aguascalientes,Diamante,2800,0.3,1960,1646.4,Instagram,16,10,2022
27,F,Veracruz,Rubí,1900,0.0,1900,1596.0,Website,24,7,2022
29,F,Monterrey,Rubí,1900,0.0,1900,1596.0,Google ads,10,8,2022
25,F,Monterrey,Rubí,1900,0.0,1900,1596.0,Google ads,17,9,2022
31,F,Monterrey,Rubí,1900,0.0,1900,1596.0,Facebook Ads,8,10,2022
26,F,Ciudad de México,Rubí,1900,0.0,1900,1596.0,Facebook,26,10,2022
30,F,Monterrey,Rubí,1900,0.0,1900,1596.0,Facebook,14,8,2022
29,F,Zacatecas,Diamante,2800,0.2,2240,1881.6,Facebook Ads,19,9,2022
30,F,Zacatecas,Diamante,2800,0.3,1960,1646.4,Instagram,24,7,2022
29,F,Monterrey,Rubí,1900,0.0,1900,1596.0,Facebook Ads,22,11,2022
42,F,Monterrey,Rubí,1900,0.0,1900,1596.0,Email,11,11,2022
28,F,Ciudad de México,Diamante,2800,0.0,2800,2352.0,Instagram Ads,8,10,2022
36,F,Monterrey,Rubí,1900,0.0,1900,1596.0,Facebook Ads,24,10,2022
29,F,Guadalajara,Rubí,1900,0.0,1900,1596.0,Google ads,15,12,2022
26,F,Ciudad de México,Rubí,1900,0.0,1900,1596.0,Facebook Ads,15,9,2022
30,F,Monterrey,Diamante,2800,0.0,2800,2352.0,Email,23,12,2022
27,F,Querétaro,Diamante,2800,0.1,2520,2116.8,Instagram Ads,10,8,2022
25,F,Monterrey,Diamante,2800,0.3,1960,1646.4,Instagram,9,8,2022
30,M,Monterrey,Rubí,1900,0.0,1900,1596.0,Website,20,12,2022
25,M,Sinaloa,Rubí,1900,0.0,1900,1596.0,Instagram Ads,21,7,2022
26,F,Guadalajara,Rubí,1900,0.0,1900,1596.0,Google ads,8,1,2022
29,M,Guadalajara,Diamante,2800,0.0,2800,2352.0,Facebook Ads,7,6,2022
30,M,Campeche,Rubí,1900,0.0,1900,1596.0,Website,18,9,2022
29,M,Jalisco,Rubí,1900,0.0,1900,1596.0,Instagram Ads,12,1,2022
28,F,Guadalajara,Rubí,1900,0.0,1900,1596.0,Facebook Ads,9,9,2022
29,F,Zacatecas,Rubí,1900,0.0,1900,1596.0,Instagram Ads,16,11,2022
26,M,Guadalajara,Rubí,1900,0.0,1900,1596.0,Google ads,8,10,2022
27,M,Nayarit,Rubí,1900,0.0,1900,1596.0,Instagram Ads,18,9,2022
25,F,Oaxaca,Diamante,2800,0.1,2520,2116.8,Email,9,1,2022
29,F,Aguascalientes,Diamante,2800,0.1,2520,2116.8,Whatsapp,12,10,2022
25,F,Baja California,Rubí,1900,0.0,1900,1596.0,Instagram,19,7,2022
28,M,Ciudad de México,Rubí,1900,0.0,1900,1596.0,Facebook Ads,17,7,2022
25,F,Zacatecas,Rubí,1900,0.0,1900,1596.0,Facebook,9,3,2022
26,M,Monterrey,Rubí,1900,0.0,1900,1596.0,Instagram Ads,29,7,2022
28,F,Quintana Roo,Rubí,1900,0.0,1900,1596.0,Facebook Ads,26,10,2022
29,F,Chiapas,Rubí,1900,0.0,1900,1596.0,Website,17,11,2022
30,M,Aguascalientes,Rubí,1900,0.0,1900,1596.0,Google ads,18,11,2022
28,M,Zacatecas,Diamante,2800,0.1,2520,2116.8,Email,13,7,2022
28,F,Aguascalientes,Rubí,1900,0.0,1900,1596.0,Google ads,24,9,2022
28,F,Aguascalientes,Diamante,2800,0.0,2800,2352.0,Facebook Ads,9,7,2022
29,M,Zacatecas,Rubí,1900,0.0,1900,1596.0,Facebook Ads,28,11,2022
27,M,Ciudad de México,Diamante,2800,0.3,1960,1646.4,Facebook Ads,9,4,2022
27,F,Zacatecas,Rubí,1900,0.0,1900,1596.0,Facebook Ads,11,6,2022
28,F,Veracruz,Rubí,1900,0.0,1900,1596.0,Facebook,18,10,2022
28,M,Monterrey,Rubí,1900,0.0,1900,1596.0,Google ads,26,7,2022
35,F,Guadalajara,Diamante,2800,0.0,2800,2352.0,Email,14,12,2022
29,F,Monterrey,Rubí,1900,0.0,1900,1596.0,Google ads,28,8,2022
27,M,Guadalajara,Rubí,1900,0.0,1900,1596.0,Facebook Ads,28,7,2022
45,F,Tamaulipas,Rubí,1900,0.0,1900,1596.0,Instagram Ads,7,5,2022
25,M,Zacatecas,Rubí,1900,0.0,1900,1596.0,Instagram Ads,22,10,2022
25,F,Guadalajara,Rubí,1900,0.0,1900,1596.0,Facebook Ads,23,9,2022
26,F,Guadalajara,Rubí,1900,0.0,1900,1596.0,Facebook Ads,15,7,2022
39,F,Guadalajara,Rubí,1900,0.0,1900,1596.0,Website,12,4,2022
28,M,Guadalajara,Diamante,2800,0.2,2240,1881.6,Google ads,25,9,2022
27,M,San Luis Potosí,Rubí,1900,0.0,1900,1596.0,Email,11,2,2022
30,F,Monterrey,Rubí,1900,0.0,1900,1596.0,Facebook Ads,26,8,2022
31,F,Guadalajara,Diamante,2800,0.2,2240,1881.6,Whatsapp,8,6,2022
37,M,Veracruz,Diamante,2800,0.3,1960,1646.4,Instagram,22,10,2022
43,M,Zacatecas,Rubí,1900,0.0,1900,1596.0,Instagram Ads,8,2,2022
25,F,Guadalajara,Rubí,1900,0.0,1900,1596.0,Facebook Ads,30,7,2022
29,M,Guadalajara,Rubí,1900,0.0,1900,1596.0,Google ads,9,12,2022
30,F,Monterrey,Rubí,1900,0.0,1900,1596.0,Website,11,7,2022
27,F,Monterrey,Diamante,2800,0.0,2800,2352.0,Website,13,10,2022
29,F,Veracruz,Rubí,1900,0.0,1900,1596.0,Facebook Ads,8,1,2022
25,F,Guadalajara,Diamante,2800,0.0,2800,2352.0,Facebook Ads,22,12,2022
29,F,Guadalajara,Rubí,1900,0.0,1900,1596.0,Facebook Ads,9,5,2022
42,F,Guadalajara,Diamante,2800,0.1,2520,2116.8,Website,30,11,2022
40,F,San Luis Potosí,Rubí,1900,0.0,1900,1596.0,Instagram Ads,8,4,2022
30,F,Guadalajara,Diamante,2800,0.1,2520,2116.8,Facebook Ads,12,6,2022
44,F,Zacatecas,Diamante,2800,0.3,1960,1646.4,Instagram Ads,7,10,2022
28,F,Monterrey,Rubí,1900,0.0,1900,1596.0,Facebook,20,10,2022
25,F,Baja California Sur,Rubí,1900,0.0,1900,1596.0,Instagram Ads,21,7,2022
27,F,Sinaloa,Diamante,2800,0.3,1960,1646.4,Website,14,11,2022
30,F,Guadalajara,Diamante,2800,0.3,1960,1646.4,Whatsapp,10,5,2022
29,F,Monterrey,Diamante,2800,0.0,2800,2352.0,Instagram Ads,11,1,2022
33,M,Guadalajara,Rubí,1900,0.0,1900,1596.0,Website,21,12,2022
33,F,Monterrey,Rubí,1900,0.0,1900,1596.0,Facebook,26,7,2022
40,M,Zacatecas,Rubí,1900,0.0,1900,1596.0,Instagram,7,10,2022
29,M,Zacatecas,Diamante,2800,0.2,2240,1881.6,Instagram,18,11,2022
26,M,Guerrero,Diamante,2800,0.0,2800,2352.0,Email,27,9,2022
25,M,Sinaloa,Rubí,1900,0.0,1900,1596.0,Email,10,7,2022
25,F,Monterrey,Rubí,1900,0.0,1900,1596.0,Email,9,4,2022
39,M,Querétaro,Rubí,1900,0.0,1900,1596.0,Facebook Ads,22,10,2022
37,F,Zacatecas,Rubí,1900,0.0,1900,1596.0,Facebook Ads,22,12,2022
33,F,Monterrey,Rubí,1900,0.0,1900,1596.0,Facebook Ads,15,7,2022
30,F,Monterrey,Rubí,1900,0.0,1900,1596.0,Google ads,7,8,2022
29,M,Aguascalientes,Rubí,1900,0.0,1900,1596.0,Facebook Ads,13,12,2022
28,F,Guadalajara,Rubí,1900,0.0,1900,1596.0,Instagram Ads,11,8,2022
27,F,Ciudad de México,Rubí,1900,0.0,1900,1596.0,Email,24,12,2022
30,F,Nayarit,Rubí,1900,0.0,1900,1596.0,Google ads,13,10,2022
29,F,Puebla,Diamante,2800,0.3,1960,1646.4,Facebook Ads,15,11,2022
29,M,Monterrey,Diamante,2800,0.1,2520,2116.8,Website,7,1,2022
26,F,Guadalajara,Diamante,2800,0.0,2800,2352.0,Instagram Ads,25,12,2022
26,F,San Luis Potosí,Rubí,1900,0.0,1900,1596.0,Google ads,13,10,2022
28,F,Guadalajara,Rubí,1900,0.0,1900,1596.0,Google ads,25,9,2022
45,F,Veracruz,Diamante,2800,0.2,2240,1881.6,Email,21,8,2022
30,F,Monterrey,Rubí,1900,0.0,1900,1596.0,Instagram Ads,24,10,2022
25,M,Monterrey,Rubí,1900,0.0,1900,1596.0,Google ads,21,12,2022
42,F,Puebla,Diamante,2800,0.1,2520,2116.8,Website,20,7,2022
26,F,Baja California,Rubí,1900,0.0,1900,1596.0,Facebook Ads,28,10,2022
39,F,Monterrey,Diamante,2800,0.2,2240,1881.6,Email,15,9,2022
28,F,Veracruz,Rubí,1900,0.0,1900,1596.0,Facebook Ads,11,3,2022
36,F,Guadalajara,Rubí,1900,0.0,1900,1596.0,Instagram Ads,7,8,2022
27,F,Puebla,Rubí,1900,0.0,1900,1596.0,Google ads,11,4,2022
25,F,Zacatecas,Rubí,1900,0.0,1900,1596.0,Facebook Ads,12,11,2022
26,F,Puebla,Rubí,1900,0.0,1900,1596.0,Instagram Ads,20,8,2022
40,F,Baja California Sur,Rubí,1900,0.0,1900,1596.0,Google ads,7,11,2022
38,F,Monterrey,Rubí,1900,0.0,1900,1596.0,Website,12,1,2022
39,M,Zacatecas,Rubí,1900,0.0,1900,1596.0,Email,21,8,2022
45,F,Coahuila,Diamante,2800,0.3,1960,1646.4,Whatsapp,21,8,2022
30,F,Ciudad de México,Diamante,2800,0.2,2240,1881.6,Instagram,29,11,2022
38,F,Chihuahua,Diamante,2800,0.1,2520,2116.8,Instagram Ads,19,11,2022
25,F,Monterrey,Rubí,1900,0.0,1900,1596.0,Whatsapp,9,4,2022
44,F,Ciudad de México,Rubí,1900,0.0,1900,1596.0,Email,9,4,2022
25,F,Zacatecas,Diamante,2800,0.2,2240,1881.6,Facebook Ads,12,1,2022
33,M,Guanajuato,Rubí,1900,0.0,1900,1596.0,Google ads,7,1,2022
28,F,Coahuila,Diamante,2800,0.1,2520,2116.8,Whatsapp,7,2,2022
26,F,Guadalajara,Diamante,2800,0.1,2520,2116.8,Facebook,9,7,2022
27,F,Ciudad de México,Rubí,1900,0.0,1900,1596.0,Whatsapp,8,9,2022
41,F,Monterrey,Diamante,2800,0.1,2520,2116.8,Instagram Ads,9,11,2022
35,F,Zacatecas,Rubí,1900,0.0,1900,1596.0,Facebook Ads,26,8,2022
26,F,Guadalajara,Rubí,1900,0.0,1900,1596.0,Instagram Ads,9,1,2022
28,F,Zacatecas,Diamante,2800,0.3,1960,1646.4,Facebook Ads,7,2,2022
30,F,Monterrey,Diamante,2800,0.0,2800,2352.0,Instagram Ads,21,10,2022
40,M,Guanajuato,Diamante,2800,0.1,2520,2116.8,Instagram Ads,25,12,2022
29,M,Guadalajara,Rubí,1900,0.0,1900,1596.0,Email,7,4,2022
27,F,Veracruz,Rubí,1900,0.0,1900,1596.0,Website,9,5,2022
31,F,Guadalajara,Diamante,2800,0.3,1960,1646.4,Google ads,15,11,2022
30,F,Aguascalientes,Rubí,1900,0.0,1900,1596.0,Website,12,5,2022
27,M,Guadalajara,Rubí,1900,0.0,1900,1596.0,Facebook Ads,18,10,2022
29,F,Guadalajara,Rubí,1900,0.0,1900,1596.0,Instagram Ads,15,9,2022
27,M,Guadalajara,Diamante,2800,0.1,2520,2116.8,Facebook Ads,25,9,2022
27,F,Zacatecas,Rubí,1900,0.0,1900,1596.0,Facebook Ads,10,5,2022
29,F,Zacatecas,Rubí,1900,0.0,1900,1596.0,Instagram Ads,13,9,2022
36,F,Monterrey,Rubí,1900,0.0,1900,1596.0,Email,7,5,2022
27,F,Oaxaca,Diamante,2800,0.0,2800,2352.0,Instagram Ads,25,8,2022
28,F,Zacatecas,Rubí,1900,0.0,1900,1596.0,Instagram Ads,7,2,2022
27,F,Guadalajara,Rubí,1900,0.0,1900,1596.0,Instagram Ads,7,3,2022
26,F,Guadalajara,Rubí,1900,0.0,1900,1596.0,Facebook Ads,29,10,2022
42,F,Guadalajara,Rubí,1900,0.0,1900,1596.0,Instagram Ads,13,11,2022
29,F,Monterrey,Rubí,1900,0.0,1900,1596.0,Instagram Ads,12,10,2022
25,F,Monterrey,Diamante,2800,0.1,2520,2116.8,Facebook Ads,7,4,2022
25,F,Ciudad de México,Diamante,2800,0.0,2800,2352.0,Instagram Ads,10,2,2022
27,M,Monterrey,Rubí,1900,0.0,1900,1596.0,Facebook Ads,15,8,2022
30,F,Aguascalientes,Rubí,1900,0.0,1900,1596.0,Google ads,28,9,2022
30,F,Sinaloa,Rubí,1900,0.0,1900,1596.0,Instagram Ads,30,11,2022
44,M,Guadalajara,Rubí,1900,0.0,1900,1596.0,Google ads,30,11,2022
45,M,Monterrey,Diamante,2800,0.0,2800,2352.0,Whatsapp,25,10,2022
25,F,Ciudad de México,Rubí,1900,0.0,1900,1596.0,Google ads,8,6,2022
26,F,Guadalajara,Diamante,2800,0.0,2800,2352.0,Google ads,10,1,2022
30,F,Monterrey,Diamante,2800,0.0,2800,2352.0,Google ads,14,11,2022
27,F,Aguascalientes,Rubí,1900,0.0,1900,1596.0,Instagram,25,10,2022
26,F,Ciudad de México,Rubí,1900,0.0,1900,1596.0,Facebook,16,10,2022
41,M,Zacatecas,Rubí,1900,0.0,1900,1596.0,Instagram Ads,29,8,2022
27,F,Ciudad de México,Rubí,1900,0.0,1900,1596.0,Facebook Ads,8,11,2022
28,F,Monterrey,Diamante,2800,0.3,1960,1646.4,Google ads,12,1,2022
25,M,Aguascalientes,Rubí,1900,0.0,1900,1596.0,Instagram Ads,7,2,2022
27,M,Guanajuato,Rubí,1900,0.0,1900,1596.0,Instagram Ads,28,12,2022
26,F,Puebla,Rubí,1900,0.0,1900,1596.0,Facebook Ads,23,9,2022
30,M,Monterrey,Rubí,1900,0.0,1900,1596.0,Facebook,17,7,2022
29,F,Guadalajara,Diamante,2800,0.1,2520,2116.8,Facebook Ads,7,6,2022
29,F,Coahuila,Diamante,2800,0.2,2240,1881.6,Instagram,29,8,2022
26,F,Monterrey,Rubí,1900,0.0,1900,1596.0,Email,26,12,2022
27,F,Guadalajara,Rubí,1900,0.0,1900,1596.0,Instagram,9,3,2022
27,F,Sinaloa,Diamante,2800,0.1,2520,2116.8,Whatsapp,8,4,2022
27,F,Guadalajara,Diamante,2800,0.2,2240,1881.6,Google ads,7,4,2022
27,M,Monterrey,Rubí,1900,0.0,1900,1596.0,Google ads,9,2,2022
32,M,Aguascalientes,Diamante,2800,0.2,2240,1881.6,Google ads,8,9,2022
28,M,Ciudad de México,Diamante,2800,0.3,1960,1646.4,Facebook Ads,23,11,2022
44,M,Guadalajara,Diamante,2800,0.0,2800,2352.0,Facebook Ads,29,7,2022
30,F,Guadalajara,Rubí,1900,0.0,1900,1596.0,Instagram Ads,26,9,2022
30,M,Campeche,Rubí,1900,0.0,1900,1596.0,Google ads,14,11,2022
25,F,Sinaloa,Diamante,2800,0.3,1960,1646.4,Website,10,10,2022
29,F,Guadalajara,Diamante,2800,0.0,2800,2352.0,Facebook Ads,12,3,2022
27,F,Coahuila,Diamante,2800,0.0,2800,2352.0,Instagram Ads,28,8,2022
29,M,Monterrey,Rubí,1900,0.0,1900,1596.0,Instagram,13,7,2022
25,F,Aguascalientes,Rubí,1900,0.0,1900,1596.0,Facebook Ads,13,7,2022
25,F,Aguascalientes,Diamante,2800,0.1,2520,2116.8,Facebook Ads,15,10,2022
27,F,Coahuila,Rubí,1900,0.0,1900,1596.0,Google ads,19,11,2022
29,F,Zacatecas,Diamante,2800,0.1,2520,2116.8,Google ads,17,7,2022
25,M,Monterrey,Diamante,2800,0.3,1960,1646.4,Website,19,7,2022
26,M,Guadalajara,Rubí,1900,0.0,1900,1596.0,Email,24,9,2022
25,F,Aguascalientes,Rubí,1900,0.0,1900,1596.0,Instagram Ads,9,9,2022
28,M,Guadalajara,Rubí,1900,0.0,1900,1596.0,Website,13,7,2022
27,F,Sinaloa,Diamante,2800,0.1,2520,2116.8,Google ads,29,10,2022
27,M,Ciudad de México,Diamante,2800,0.2,2240,1881.6,Facebook Ads,10,6,2022
27,F,Ciudad de México,Rubí,1900,0.0,1900,1596.0,Google ads,14,8,2022
30,M,Monterrey,Rubí,1900,0.0,1900,1596.0,Google ads,15,11,2022
35,M,Yucatán,Diamante,2800,0.3,1960,1646.4,Website,27,9,2022
36,M,Ciudad de México,Rubí,1900,0.0,1900,1596.0,Website,30,10,2022
27,M,Baja California Sur,Rubí,1900,0.0,1900,1596.0,Instagram Ads,25,12,2022
28,F,Veracruz,Rubí,1900,0.0,1900,1596.0,Google ads,30,9,2022
25,F,Guadalajara,Rubí,1900,0.0,1900,1596.0,Email,9,7,2022
29,F,Nuevo León,Rubí,1900,0.0,1900,1596.0,Website,7,3,2022
27,F,Guadalajara,Rubí,1900,0.0,1900,1596.0,Instagram Ads,10,5,2022
25,F,Monterrey,Rubí,1900,0.0,1900,1596.0,Google ads,21,11,2022
44,M,Ciudad de México,Rubí,1900,0.0,1900,1596.0,Instagram Ads,7,1,2022
44,F,Monterrey,Rubí,1900,0.0,1900,1596.0,Website,7,9,2022
28,M,Sinaloa,Rubí,1900,0.0,1900,1596.0,Google ads,8,10,2022
40,F,Zacatecas,Diamante,2800,0.1,2520,2116.8,Facebook,23,9,2022
25,F,Aguascalientes,Rubí,1900,0.0,1900,1596.0,Instagram Ads,12,12,2022
40,F,Monterrey,Rubí,1900,0.0,1900,1596.0,Google ads,15,12,2022
26,M,Veracruz,Rubí,1900,0.0,1900,1596.0,Facebook Ads,23,8,2022
38,F,Guadalajara,Rubí,1900,0.0,1900,1596.0,Instagram Ads,19,9,2022
29,M,Monterrey,Diamante,2800,0.1,2520,2116.8,Instagram Ads,24,10,2022
29,F,Monterrey,Diamante,2800,0.1,2520,2116.8,Facebook Ads,9,6,2022
25,F,Monterrey,Rubí,1900,0.0,1900,1596.0,Website,15,8,2022
30,F,Guadalajara,Rubí,1900,0.0,1900,1596.0,Instagram Ads,8,6,2022
42,F,Zacatecas,Rubí,1900,0.0,1900,1596.0,Facebook Ads,11,12,2022
28,F,Monterrey,Rubí,1900,0.0,1900,1596.0,Instagram Ads,12,9,2022
29,F,Monterrey,Rubí,1900,0.0,1900,1596.0,Website,12,9,2022
26,M,Guadalajara,Diamante,2800,0.1,2520,2116.8,Whatsapp,28,12,2022
30,M,Ciudad de México,Diamante,2800,0.0,2800,2352.0,Google ads,24,8,2022
39,F,Zacatecas,Rubí,1900,0.0,1900,1596.0,Instagram Ads,15,12,2022
35,F,Monterrey,Rubí,1900,0.0,1900,1596.0,Whatsapp,18,11,2022
25,M,Monterrey,Rubí,1900,0.0,1900,1596.0,Website,29,12,2022
34,M,Veracruz,Rubí,1900,0.0,1900,1596.0,Website,7,1,2022
26,F,Chihuahua,Rubí,1900,0.0,1900,1596.0,Instagram Ads,13,9,2022
27,F,Zacatecas,Rubí,1900,0.0,1900,1596.0,Email,12,3,2022
28,F,Guadalajara,Rubí,1900,0.0,1900,1596.0,Email,29,11,2022
30,M,Zacatecas,Rubí,1900,0.0,1900,1596.0,Facebook Ads,11,9,2022
27,M,Monterrey,Rubí,1900,0.0,1900,1596.0,Google ads,7,6,2022
30,M,Monterrey,Diamante,2800,0.1,2520,2116.8,Google ads,22,7,2022
32,F,Monterrey,Rubí,1900,0.0,1900,1596.0,Facebook Ads,16,8,2022
45,F,Veracruz,Diamante,2800,0.1,2520,2116.8,Facebook Ads,13,12,2022
30,F,Coahuila,Diamante,2800,0.3,1960,1646.4,Email,23,10,2022
38,F,Veracruz,Rubí,1900,0.0,1900,1596.0,Facebook Ads,10,1,2022
27,F,Guadalajara,Rubí,1900,0.0,1900,1596.0,Email,12,9,2022
30,F,Aguascalientes,Rubí,1900,0.0,1900,1596.0,Instagram Ads,8,6,2022
29,M,Zacatecas,Diamante,2800,0.2,2240,1881.6,Google ads,24,7,2022
26,M,Guadalajara,Diamante,2800,0.3,1960,1646.4,Instagram Ads,31,8,2022
28,F,Guadalajara,Diamante,2800,0.0,2800,2352.0,Google ads,28,12,2022
29,M,Zacatecas,Rubí,1900,0.0,1900,1596.0,Instagram Ads,29,11,2022
32,F,Guadalajara,Diamante,2800,0.1,2520,2116.8,Facebook Ads,8,12,2022
29,M,Guadalajara,Diamante,2800,0.3,1960,1646.4,Email,28,8,2022
28,F,Puebla,Diamante,2800,0.2,2240,1881.6,Facebook Ads,17,12,2022
25,F,Veracruz,Diamante,2800,0.3,1960,1646.4,Website,19,8,2022
28,F,Zacatecas,Rubí,1900,0.0,1900,1596.0,Instagram Ads,15,8,2022
32,F,Puebla,Rubí,1900,0.0,1900,1596.0,Email,12,4,2022
28,M,Veracruz,Rubí,1900,0.0,1900,1596.0,Google ads,21,10,2022
26,F,Veracruz,Diamante,2800,0.1,2520,2116.8,Facebook Ads,17,10,2022
27,F,Monterrey,Diamante,2800,0.1,2520,2116.8,Google ads,10,1,2022
26,F,Puebla,Diamante,2800,0.0,2800,2352.0,Instagram Ads,7,12,2022
26,F,Ciudad de México,Diamante,2800,0.1,2520,2116.8,Instagram Ads,28,11,2022
29,M,Monterrey,Diamante,2800,0.3,1960,1646.4,Instagram Ads,29,7,2022
29,F,Guadalajara,Diamante,2800,0.2,2240,1881.6,Facebook,7,12,2022
26,M,Zacatecas,Diamante,2800,0.1,2520,2116.8,Google ads,11,5,2022
29,F,Zacatecas,Rubí,1900,0.0,1900,1596.0,Facebook Ads,14,7,2022
36,M,Monterrey,Diamante,2800,0.2,2240,1881.6,Instagram Ads,27,10,2022
25,M,Guadalajara,Rubí,1900,0.0,1900,1596.0,Instagram Ads,10,1,2022
30,M,Baja California Sur,Rubí,1900,0.0,1900,1596.0,Instagram Ads,25,10,2022
30,F,Monterrey,Diamante,2800,0.0,2800,2352.0,Instagram Ads,29,11,2022
32,F,Veracruz,Rubí,1900,0.0,1900,1596.0,Google ads,7,4,2022
28,F,Guadalajara,Rubí,1900,0.0,1900,1596.0,Google ads,13,7,2022
25,F,Veracruz,Rubí,1900,0.0,1900,1596.0,Instagram Ads,12,6,2022
29,F,Puebla,Rubí,1900,0.0,1900,1596.0,Instagram Ads,10,10,2022
25,M,Guadalajara,Rubí,1900,0.0,1900,1596.0,Instagram,8,6,2022
43,F,Monterrey,Diamante,2800,0.1,2520,2116.8,Instagram Ads,11,11,2022
30,F,Monterrey,Diamante,2800,0.1,2520,2116.8,Facebook,12,12,2022
29,F,Guerrero,Rubí,1900,0.0,1900,1596.0,Email,18,7,2022
30,F,Zacatecas,Rubí,1900,0.0,1900,1596.0,Google ads,26,12,2022
30,F,Monterrey,Diamante,2800,0.0,2800,2352.0,Instagram Ads,29,12,2022
41,F,Zacatecas,Diamante,2800,0.3,1960,1646.4,Website,29,10,2022
28,F,Guadalajara,Rubí,1900,0.0,1900,1596.0,Google ads,15,10,2022
43,F,Zacatecas,Rubí,1900,0.0,1900,1596.0,Instagram Ads,20,9,2022
29,F,Ciudad de México,Diamante,2800,0.3,1960,1646.4,Google ads,20,7,2022
28,M,Veracruz,Diamante,2800,0.1,2520,2116.8,Instagram Ads,21,11,2022
27,F,Veracruz,Diamante,2800,0.1,2520,2116.8,Email,12,5,2022
32,F,Sinaloa,Diamante,2800,0.0,2800,2352.0,Google ads,23,8,2022
33,F,Oaxaca,Diamante,2800,0.0,2800,2352.0,Website,15,9,2022
25,F,Guadalajara,Diamante,2800,0.0,2800,2352.0,Facebook Ads,16,12,2022
35,F,Veracruz,Rubí,1900,0.0,1900,1596.0,Facebook Ads,25,9,2022
28,M,Tamaulipas,Diamante,2800,0.2,2240,1881.6,Google ads,10,1,2022
26,F,Veracruz,Diamante,2800,0.1,2520,2116.8,Facebook,17,8,2022
40,F,Zacatecas,Diamante,2800,0.3,1960,1646.4,Website,29,9,2022
29,F,Guadalajara,Rubí,1900,0.0,1900,1596.0,Website,8,6,2022
38,F,Zacatecas,Rubí,1900,0.0,1900,1596.0,Instagram Ads,9,12,2022
38,F,Baja California,Rubí,1900,0.0,1900,1596.0,Instagram Ads,8,3,2022
40,M,Zacatecas,Rubí,1900,0.0,1900,1596.0,Email,18,7,2022
25,F,Aguascalientes,Diamante,2800,0.3,1960,1646.4,Facebook Ads,18,11,2022
43,F,Guadalajara,Rubí,1900,0.0,1900,1596.0,Email,26,11,2022
45,F,Monterrey,Rubí,1900,0.0,1900,1596.0,Website,7,8,2022
36,F,Guadalajara,Diamante,2800,0.0,2800,2352.0,Instagram Ads,12,5,2022
30,F,Guerrero,Diamante,2800,0.0,2800,2352.0,Instagram Ads,9,1,2022
30,M,Monterrey,Rubí,1900,0.0,1900,1596.0,Google ads,13,8,2022
25,F,Monterrey,Diamante,2800,0.3,1960,1646.4,Facebook Ads,23,10,2022
26,F,Monterrey,Rubí,1900,0.0,1900,1596.0,Whatsapp,18,7,2022
28,M,Sinaloa,Rubí,1900,0.0,1900,1596.0,Instagram Ads,14,7,2022
28,M,Zacatecas,Diamante,2800,0.3,1960,1646.4,Facebook Ads,12,10,2022
28,F,Puebla,Diamante,2800,0.3,1960,1646.4,Instagram Ads,29,11,2022
30,F,Veracruz,Diamante,2800,0.2,2240,1881.6,Facebook Ads,25,9,2022
25,F,Aguascalientes,Diamante,2800,0.3,1960,1646.4,Google ads,14,11,2022
30,M,Guadalajara,Rubí,1900,0.0,1900,1596.0,Instagram Ads,15,9,2022
26,F,Sinaloa,Rubí,1900,0.0,1900,1596.0,Facebook Ads,12,9,2022
29,F,Guadalajara,Rubí,1900,0.0,1900,1596.0,Google ads,10,6,2022
40,M,Monterrey,Rubí,1900,0.0,1900,1596.0,Email,12,8,2022
30,F,Durango,Rubí,1900,0.0,1900,1596.0,Instagram Ads,10,3,2022
42,M,Guadalajara,Diamante,2800,0.3,1960,1646.4,Google ads,25,7,2022
30,F,Guadalajara,Rubí,1900,0.0,1900,1596.0,Instagram Ads,14,10,2022
27,F,Chihuahua,Diamante,2800,0.0,2800,2352.0,Google ads,22,7,2022
26,F,Zacatecas,Rubí,1900,0.0,1900,1596.0,Instagram Ads,10,11,2022
25,F,Guadalajara,Diamante,2800,0.1,2520,2116.8,Email,15,10,2022
26,F,Baja California Sur,Rubí,1900,0.0,1900,1596.0,Facebook,12,3,2022
25,M,Quintana Roo,Rubí,1900,0.0,1900,1596.0,Facebook,26,12,2022
28,F,Aguascalientes,Rubí,1900,0.0,1900,1596.0,Google ads,7,7,2022
35,F,Sinaloa,Diamante,2800,0.1,2520,2116.8,Facebook Ads,7,2,2022
26,F,Sinaloa,Diamante,2800,0.3,1960,1646.4,Instagram Ads,18,8,2022
29,F,Jalisco,Rubí,1900,0.0,1900,1596.0,Instagram Ads,12,7,2022
28,F,Guadalajara,Diamante,2800,0.1,2520,2116.8,Instagram Ads,23,7,2022
32,M,Aguascalientes,Diamante,2800,0.1,2520,2116.8,Whatsapp,21,8,2022
28,F,Zacatecas,Rubí,1900,0.0,1900,1596.0,Google ads,23,9,2022
42,F,Sinaloa,Rubí,1900,0.0,1900,1596.0,Instagram Ads,16,9,2022
30,F,Zacatecas,Rubí,1900,0.0,1900,1596.0,Instagram Ads,27,11,2022
26,M,San Luis Potosí,Rubí,1900,0.0,1900,1596.0,Instagram Ads,26,9,2022
31,M,Monterrey,Rubí,1900,0.0,1900,1596.0,Facebook Ads,26,12,2022
27,M,Guadalajara,Diamante,2800,0.2,2240,1881.6,Facebook Ads,20,12,2022
30,F,Monterrey,Rubí,1900,0.0,1900,1596.0,Facebook Ads,13,12,2022
27,F,Veracruz,Rubí,1900,0.0,1900,1596.0,Facebook,16,11,2022
26,F,Nuevo León,Diamante,2800,0.2,2240,1881.6,Email,26,9,2022
25,F,Zacatecas,Diamante,2800,0.1,2520,2116.8,Facebook Ads,27,8,2022
39,M,Sinaloa,Rubí,1900,0.0,1900,1596.0,Instagram Ads,8,3,2022
26,F,Monterrey,Rubí,1900,0.0,1900,1596.0,Website,21,11,2022
29,M,Guadalajara,Diamante,2800,0.2,2240,1881.6,Instagram Ads,17,12,2022
27,F,Chihuahua,Rubí,1900,0.0,1900,1596.0,Facebook Ads,9,5,2022
28,F,Monterrey,Rubí,1900,0.0,1900,1596.0,Facebook Ads,22,12,2022
25,F,Ciudad de México,Diamante,2800,0.3,1960,1646.4,Instagram Ads,8,12,2022
26,M,Zacatecas,Diamante,2800,0.3,1960,1646.4,Instagram Ads,30,8,2022
44,F,Ciudad de México,Diamante,2800,0.2,2240,1881.6,Instagram Ads,7,6,2022
25,M,Chiapas,Diamante,2800,0.0,2800,2352.0,Facebook Ads,18,8,2022
42,F,Oaxaca,Diamante,2800,0.3,1960,1646.4,Facebook Ads,8,8,2022
30,M,Zacatecas,Diamante,2800,0.1,2520,2116.8,Facebook Ads,26,8,2022
30,M,Monterrey,Diamante,2800,0.0,2800,2352.0,Facebook Ads,8,7,2022
26,F,Guadalajara,Rubí,1900,0.0,1900,1596.0,Google ads,24,8,2022
28,F,Monterrey,Rubí,1900,0.0,1900,1596.0,Instagram,21,11,2022
33,M,Coahuila,Diamante,2800,0.3,1960,1646.4,Instagram Ads,29,10,2022
28,F,Guadalajara,Rubí,1900,0.0,1900,1596.0,Website,25,10,2022
25,F,Monterrey,Rubí,1900,0.0,1900,1596.0,Google ads,13,9,2022
25,F,Monterrey,Rubí,1900,0.0,1900,1596.0,Facebook,14,10,2022
29,M,Aguascalientes,Diamante,2800,0.1,2520,2116.8,Facebook Ads,23,8,2022
28,M,Guadalajara,Diamante,2800,0.1,2520,2116.8,Website,7,9,2022
32,F,Monterrey,Diamante,2800,0.1,2520,2116.8,Google ads,29,12,2022
26,F,Guadalajara,Rubí,1900,0.0,1900,1596.0,Google ads,26,7,2022
28,M,Yucatán,Rubí,1900,0.0,1900,1596.0,Google ads,29,11,2022
26,M,Aguascalientes,Rubí,1900,0.0,1900,1596.0,Google ads,10,12,2022
26,F,Aguascalientes,Rubí,1900,0.0,1900,1596.0,Facebook Ads,18,12,2022
28,F,Zacatecas,Rubí,1900,0.0,1900,1596.0,Instagram Ads,21,8,2022
38,F,Sinaloa,Diamante,2800,0.2,2240,1881.6,Google ads,10,4,2022
28,F,Zacatecas,Diamante,2800,0.2,2240,1881.6,Google ads,21,11,2022
31,M,Monterrey,Rubí,1900,0.0,1900,1596.0,Instagram,26,10,2022
28,F,Zacatecas,Diamante,2800,0.3,1960,1646.4,Website,16,8,2022
29,F,Sinaloa,Diamante,2800,0.3,1960,1646.4,Facebook Ads,26,11,2022
38,F,Ciudad de México,Diamante,2800,0.1,2520,2116.8,Email,20,9,2022
26,F,Veracruz,Rubí,1900,0.0,1900,1596.0,Instagram Ads,18,12,2022
27,M,Veracruz,Diamante,2800,0.3,1960,1646.4,Instagram Ads,27,11,2022
28,M,Chihuahua,Rubí,1900,0.0,1900,1596.0,Email,26,9,2022
25,M,Veracruz,Diamante,2800,0.0,2800,2352.0,Instagram Ads,14,8,2022
30,F,Monterrey,Rubí,1900,0.0,1900,1596.0,Instagram Ads,27,12,2022
29,M,Monterrey,Rubí,1900,0.0,1900,1596.0,Google ads,7,1,2022
25,F,Monterrey,Diamante,2800,0.1,2520,2116.8,Email,11,2,2022
30,F,Zacatecas,Rubí,1900,0.0,1900,1596.0,Facebook Ads,25,9,2022
26,F,Monterrey,Rubí,1900,0.0,1900,1596.0,Facebook Ads,7,3,2022
35,F,Guadalajara,Diamante,2800,0.3,1960,1646.4,Facebook Ads,12,9,2022
30,F,Guadalajara,Diamante,2800,0.0,2800,2352.0,Website,10,1,2022
30,F,Guadalajara,Diamante,2800,0.3,1960,1646.4,Instagram,19,11,2022
28,F,Monterrey,Diamante,2800,0.1,2520,2116.8,Facebook Ads,11,3,2022
39,M,Nuevo León,Rubí,1900,0.0,1900,1596.0,Website,13,8,2022
26,F,Aguascalientes,Rubí,1900,0.0,1900,1596.0,Instagram Ads,12,10,2022
37,F,Zacatecas,Diamante,2800,0.3,1960,1646.4,Whatsapp,12,8,2022
28,F,Jalisco,Rubí,1900,0.0,1900,1596.0,Website,16,11,2022
28,F,Guadalajara,Diamante,2800,0.3,1960,1646.4,Facebook Ads,11,4,2022
29,F,Aguascalientes,Diamante,2800,0.2,2240,1881.6,Facebook Ads,30,9,2022
28,F,Nayarit,Rubí,1900,0.0,1900,1596.0,Instagram Ads,28,9,2022
29,M,Monterrey,Diamante,2800,0.1,2520,2116.8,Google ads,16,9,2022
44,F,Baja California,Rubí,1900,0.0,1900,1596.0,Email,15,9,2022
26,M,Monterrey,Diamante,2800,0.1,2520,2116.8,Instagram Ads,27,8,2022
30,F,Monterrey,Rubí,1900,0.0,1900,1596.0,Instagram Ads,10,10,2022
37,F,Yucatán,Diamante,2800,0.0,2800,2352.0,Google ads,11,11,2022
27,F,Zacatecas,Rubí,1900,0.0,1900,1596.0,Whatsapp,9,6,2022
29,F,Sinaloa,Rubí,1900,0.0,1900,1596.0,Instagram Ads,19,9,2022
29,F,Baja California Sur,Rubí,1900,0.0,1900,1596.0,Facebook,9,8,2022
29,M,San Luis Potosí,Rubí,1900,0.0,1900,1596.0,Email,10,3,2022
28,F,Monterrey,Diamante,2800,0.1,2520,2116.8,Website,9,12,2022
28,F,Monterrey,Diamante,2800,0.1,2520,2116.8,Instagram Ads,20,9,2022
25,F,Monterrey,Rubí,1900,0.0,1900,1596.0,Instagram Ads,12,9,2022
39,F,Nayarit,Rubí,1900,0.0,1900,1596.0,Instagram Ads,22,8,2022
30,F,Monterrey,Rubí,1900,0.0,1900,1596.0,Instagram Ads,9,2,2022
27,F,Guadalajara,Rubí,1900,0.0,1900,1596.0,Website,29,11,2022
31,F,Monterrey,Rubí,1900,0.0,1900,1596.0,Instagram Ads,27,11,2022
27,M,Zacatecas,Rubí,1900,0.0,1900,1596.0,Facebook,28,10,2022
25,F,Veracruz,Diamante,2800,0.1,2520,2116.8,Facebook Ads,20,8,2022
28,F,Monterrey,Rubí,1900,0.0,1900,1596.0,Whatsapp,25,12,2022
30,F,Monterrey,Rubí,1900,0.0,1900,1596.0,Google ads,8,6,2022
28,M,Guadalajara,Diamante,2800,0.0,2800,2352.0,Instagram Ads,18,7,2022
29,M,Zacatecas,Diamante,2800,0.2,2240,1881.6,Website,7,10,2022
29,F,Monterrey,Diamante,2800,0.1,2520,2116.8,Instagram Ads,26,10,2022
25,M,Monterrey,Rubí,1900,0.0,1900,1596.0,Facebook Ads,23,11,2022
25,M,Veracruz,Rubí,1900,0.0,1900,1596.0,Google ads,9,2,2022
28,F,Monterrey,Rubí,1900,0.0,1900,1596.0,Google ads,11,9,2022
26,F,Guadalajara,Rubí,1900,0.0,1900,1596.0,Instagram Ads,18,9,2022
30,F,Guadalajara,Diamante,2800,0.1,2520,2116.8,Whatsapp,23,8,2022
26,F,San Luis Potosí,Rubí,1900,0.0,1900,1596.0,Google ads,17,7,2022
27,M,Zacatecas,Rubí,1900,0.0,1900,1596.0,Instagram Ads,21,12,2022
28,M,Monterrey,Diamante,2800,0.3,1960,1646.4,Instagram Ads,28,11,2022
28,M,Guadalajara,Rubí,1900,0.0,1900,1596.0,Instagram Ads,29,10,2022
26,F,Guadalajara,Rubí,1900,0.0,1900,1596.0,Google ads,27,11,2022
27,F,Monterrey,Rubí,1900,0.0,1900,1596.0,Instagram Ads,12,8,2022
27,M,Zacatecas,Rubí,1900,0.0,1900,1596.0,Facebook Ads,12,4,2022
28,F,Guadalajara,Diamante,2800,0.1,2520,2116.8,Instagram Ads,21,8,2022
29,M,Guadalajara,Rubí,1900,0.0,1900,1596.0,Instagram Ads,24,10,2022
29,F,Veracruz,Rubí,1900,0.0,1900,1596.0,Google ads,21,7,2022
29,M,Coahuila,Rubí,1900,0.0,1900,1596.0,Facebook Ads,27,10,2022
27,F,Ciudad de México,Rubí,1900,0.0,1900,1596.0,Facebook,9,10,2022
26,M,Monterrey,Rubí,1900,0.0,1900,1596.0,Email,8,9,2022
30,M,Monterrey,Rubí,1900,0.0,1900,1596.0,Instagram Ads,17,7,2022
43,F,Monterrey,Rubí,1900,0.0,1900,1596.0,Instagram Ads,16,9,2022
34,F,Monterrey,Rubí,1900,0.0,1900,1596.0,Instagram Ads,25,8,2022
25,F,Veracruz,Rubí,1900,0.0,1900,1596.0,Google ads,16,8,2022
28,F,Aguascalientes,Diamante,2800,0.3,1960,1646.4,Facebook Ads,14,8,2022
27,M,Guadalajara,Diamante,2800,0.1,2520,2116.8,Instagram Ads,17,8,2022
27,F,Monterrey,Rubí,1900,0.0,1900,1596.0,Email,26,8,2022
30,F,Guadalajara,Diamante,2800,0.2,2240,1881.6,Facebook Ads,19,12,2022
28,F,Veracruz,Rubí,1900,0.0,1900,1596.0,Instagram Ads,7,9,2022
27,F,Ciudad de México,Rubí,1900,0.0,1900,1596.0,Facebook Ads,14,10,2022
29,F,Veracruz,Rubí,1900,0.0,1900,1596.0,Website,7,8,2022
30,F,Monterrey,Rubí,1900,0.0,1900,1596.0,Google ads,8,6,2022
28,F,Aguascalientes,Diamante,2800,0.2,2240,1881.6,Facebook Ads,12,7,2022
25,F,Guadalajara,Rubí,1900,0.0,1900,1596.0,Instagram Ads,12,1,2022
28,F,Guadalajara,Rubí,1900,0.0,1900,1596.0,Instagram Ads,23,8,2022
29,F,Baja California,Rubí,1900,0.0,1900,1596.0,Instagram Ads,13,10,2022
27,F,Puebla,Diamante,2800,0.0,2800,2352.0,Instagram,10,12,2022
27,F,Guadalajara,Rubí,1900,0.0,1900,1596.0,Facebook Ads,16,7,2022
28,F,Aguascalientes,Rubí,1900,0.0,1900,1596.0,Instagram Ads,12,2,2022
30,F,Monterrey,Rubí,1900,0.0,1900,1596.0,Google ads,22,8,2022
26,F,Zacatecas,Diamante,2800,0.0,2800,2352.0,Google ads,23,12,2022
26,M,Guadalajara,Rubí,1900,0.0,1900,1596.0,Website,23,11,2022
25,F,Monterrey,Diamante,2800,0.2,2240,1881.6,Whatsapp,23,10,2022
41,F,Monterrey,Rubí,1900,0.0,1900,1596.0,Instagram,7,10,2022
27,F,Monterrey,Diamante,2800,0.3,1960,1646.4,Instagram Ads,12,10,2022
27,F,Monterrey,Diamante,2800,0.0,2800,2352.0,Email,10,2,2022
29,F,Zacatecas,Rubí,1900,0.0,1900,1596.0,Facebook Ads,8,9,2022
26,F,Zacatecas,Diamante,2800,0.3,1960,1646.4,Instagram Ads,21,12,2022
29,F,Guadalajara,Rubí,1900,0.0,1900,1596.0,Facebook Ads,11,9,2022
30,F,Monterrey,Rubí,1900,0.0,1900,1596.0,Google ads,8,8,2022
30,F,Monterrey,Diamante,2800,0.2,2240,1881.6,Google ads,15,7,2022
30,M,Zacatecas,Rubí,1900,0.0,1900,1596.0,Instagram,24,7,2022
32,M,Monterrey,Diamante,2800,0.0,2800,2352.0,Facebook Ads,16,12,2022
40,F,Veracruz,Rubí,1900,0.0,1900,1596.0,Instagram Ads,8,7,2022
37,F,Aguascalientes,Diamante,2800,0.3,1960,1646.4,Instagram Ads,25,8,2022
43,F,Guadalajara,Rubí,1900,0.0,1900,1596.0,Facebook,15,8,2022
30,F,Zacatecas,Rubí,1900,0.0,1900,1596.0,Facebook Ads,29,9,2022
29,F,Monterrey,Diamante,2800,0.1,2520,2116.8,Email,25,10,2022
26,F,Monterrey,Diamante,2800,0.1,2520,2116.8,Facebook,31,7,2022
26,F,Zacatecas,Diamante,2800,0.3,1960,1646.4,Google ads,26,12,2022
27,M,Zacatecas,Rubí,1900,0.0,1900,1596.0,Website,25,12,2022
29,F,Monterrey,Rubí,1900,0.0,1900,1596.0,Google ads,7,6,2022
27,F,Ciudad de México,Rubí,1900,0.0,1900,1596.0,Website,30,7,2022
28,F,Sinaloa,Rubí,1900,0.0,1900,1596.0,Facebook Ads,8,12,2022
28,F,Ciudad de México,Rubí,1900,0.0,1900,1596.0,Google ads,7,9,2022
39,F,Monterrey,Diamante,2800,0.3,1960,1646.4,Website,10,6,2022
28,F,Sinaloa,Diamante,2800,0.1,2520,2116.8,Facebook Ads,11,4,2022
26,F,Quintana Roo,Diamante,2800,0.3,1960,1646.4,Google ads,30,10,2022
25,M,Puebla,Diamante,2800,0.2,2240,1881.6,Facebook,14,11,2022
29,F,Monterrey,Diamante,2800,0.1,2520,2116.8,Facebook,11,12,2022
36,F,Aguascalientes,Diamante,2800,0.2,2240,1881.6,Website,8,4,2022
30,F,Coahuila,Diamante,2800,0.2,2240,1881.6,Facebook Ads,18,11,2022
37,F,Monterrey,Rubí,1900,0.0,1900,1596.0,Email,8,6,2022
26,M,Guerrero,Rubí,1900,0.0,1900,1596.0,Email,11,5,2022
25,F,Veracruz,Diamante,2800,0.0,2800,2352.0,Facebook Ads,12,12,2022
34,F,Aguascalientes,Rubí,1900,0.0,1900,1596.0,Instagram,11,10,2022
29,F,Monterrey,Rubí,1900,0.0,1900,1596.0,Website,8,7,2022
27,F,Guadalajara,Diamante,2800,0.3,1960,1646.4,Facebook Ads,11,9,2022
42,F,Monterrey,Rubí,1900,0.0,1900,1596.0,Facebook Ads,14,11,2022
28,F,Guadalajara,Diamante,2800,0.0,2800,2352.0,Email,7,6,2022
27,F,Guadalajara,Rubí,1900,0.0,1900,1596.0,Google ads,7,8,2022
30,F,Zacatecas,Rubí,1900,0.0,1900,1596.0,Facebook,9,12,2022
35,M,Aguascalientes,Diamante,2800,0.2,2240,1881.6,Website,14,12,2022
30,M,Zacatecas,Rubí,1900,0.0,1900,1596.0,Google ads,29,9,2022
30,F,Monterrey,Diamante,2800,0.0,2800,2352.0,Instagram,8,4,2022
32,M,Guanajuato,Rubí,1900,0.0,1900,1596.0,Instagram Ads,12,8,2022
43,F,Zacatecas,Rubí,1900,0.0,1900,1596.0,Instagram Ads,30,11,2022
26,F,Zacatecas,Rubí,1900,0.0,1900,1596.0,Facebook Ads,13,10,2022
27,F,Jalisco,Rubí,1900,0.0,1900,1596.0,Website,10,10,2022
30,F,Durango,Rubí,1900,0.0,1900,1596.0,Instagram Ads,16,11,2022
38,F,Monterrey,Rubí,1900,0.0,1900,1596.0,Google ads,9,3,2022
43,F,Zacatecas,Rubí,1900,0.0,1900,1596.0,Instagram Ads,25,9,2022
40,M,Monterrey,Rubí,1900,0.0,1900,1596.0,Google ads,9,9,2022
26,F,Monterrey,Rubí,1900,0.0,1900,1596.0,Website,15,7,2022
30,F,Chiapas,Diamante,2800,0.3,1960,1646.4,Google ads,15,12,2022
30,F,Monterrey,Rubí,1900,0.0,1900,1596.0,Facebook Ads,12,6,2022
30,F,Monterrey,Diamante,2800,0.3,1960,1646.4,Instagram Ads,17,7,2022
27,F,Zacatecas,Rubí,1900,0.0,1900,1596.0,Facebook Ads,9,12,2022
25,F,Monterrey,Diamante,2800,0.1,2520,2116.8,Google ads,30,8,2022
30,F,Monterrey,Rubí,1900,0.0,1900,1596.0,Google ads,24,12,2022
26,F,Sinaloa,Rubí,1900,0.0,1900,1596.0,Instagram Ads,11,4,2022
28,F,San Luis Potosí,Diamante,2800,0.2,2240,1881.6,Instagram Ads,8,9,2022
26,F,Zacatecas,Rubí,1900,0.0,1900,1596.0,Facebook Ads,15,7,2022
26,F,Zacatecas,Diamante,2800,0.3,1960,1646.4,Whatsapp,7,10,2022
29,M,Puebla,Rubí,1900,0.0,1900,1596.0,Website,16,9,2022
25,F,Monterrey,Rubí,1900,0.0,1900,1596.0,Facebook Ads,19,12,2022
27,F,Guerrero,Rubí,1900,0.0,1900,1596.0,Facebook Ads,24,10,2022
28,M,Veracruz,Rubí,1900,0.0,1900,1596.0,Google ads,25,7,2022
29,M,Zacatecas,Diamante,2800,0.3,1960,1646.4,Instagram Ads,9,5,2022
26,F,Guadalajara,Rubí,1900,0.0,1900,1596.0,Google ads,21,9,2022
28,F,Guadalajara,Diamante,2800,0.0,2800,2352.0,Website,13,12,2022
28,F,Zacatecas,Rubí,1900,0.0,1900,1596.0,Facebook Ads,7,7,2022
26,M,Baja California Sur,Rubí,1900,0.0,1900,1596.0,Facebook Ads,11,7,2022
33,F,Veracruz,Rubí,1900,0.0,1900,1596.0,Instagram Ads,12,6,2022
25,F,Aguascalientes,Diamante,2800,0.0,2800,2352.0,Google ads,7,2,2022
44,F,Veracruz,Diamante,2800,0.0,2800,2352.0,Instagram Ads,20,9,2022
28,M,Zacatecas,Diamante,2800,0.3,1960,1646.4,Website,18,10,2022
29,F,Puebla,Rubí,1900,0.0,1900,1596.0,Instagram Ads,25,11,2022
25,M,Monterrey,Rubí,1900,0.0,1900,1596.0,Facebook Ads,30,10,2022
27,M,Monterrey,Rubí,1900,0.0,1900,1596.0,Instagram Ads,26,12,2022
42,F,Guadalajara,Rubí,1900,0.0,1900,1596.0,Google ads,15,10,2022
30,F,Guadalajara,Rubí,1900,0.0,1900,1596.0,Facebook Ads,8,12,2022
25,F,Zacatecas,Rubí,1900,0.0,1900,1596.0,Google ads,17,10,2022
26,M,Ciudad de México,Diamante,2800,0.1,2520,2116.8,Google ads,9,3,2022
27,F,Zacatecas,Rubí,1900,0.0,1900,1596.0,Instagram Ads,26,10,2022
25,M,Puebla,Diamante,2800,0.2,2240,1881.6,Google ads,7,4,2022
40,F,Aguascalientes,Diamante,2800,0.2,2240,1881.6,Google ads,11,9,2022
25,F,Durango,Rubí,1900,0.0,1900,1596.0,Website,12,10,2022
26,M,Aguascalientes,Rubí,1900,0.0,1900,1596.0,Google ads,28,9,2022
29,F,Zacatecas,Rubí,1900,0.0,1900,1596.0,Instagram Ads,12,1,2022
28,F,Nuevo León,Diamante,2800,0.2,2240,1881.6,Google ads,11,8,2022
43,F,Aguascalientes,Rubí,1900,0.0,1900,1596.0,Instagram Ads,17,11,2022
26,F,Monterrey,Rubí,1900,0.0,1900,1596.0,Instagram Ads,8,4,2022
29,F,San Luis Potosí,Rubí,1900,0.0,1900,1596.0,Email,9,9,2022
30,F,Guadalajara,Diamante,2800,0.0,2800,2352.0,Facebook Ads,10,9,2022
29,F,Zacatecas,Rubí,1900,0.0,1900,1596.0,Google ads,29,8,2022
26,F,San Luis Potosí,Rubí,1900,0.0,1900,1596.0,Facebook Ads,28,10,2022
27,F,Guadalajara,Diamante,2800,0.0,2800,2352.0,Instagram Ads,19,12,2022
27,F,Zacatecas,Diamante,2800,0.0,2800,2352.0,Email,8,1,2022
30,M,Aguascalientes,Rubí,1900,0.0,1900,1596.0,Website,11,4,2022
27,M,Monterrey,Diamante,2800,0.3,1960,1646.4,Facebook Ads,12,6,2022
27,M,Zacatecas,Rubí,1900,0.0,1900,1596.0,Facebook,17,11,2022
28,M,Aguascalientes,Rubí,1900,0.0,1900,1596.0,Instagram Ads,10,11,2022
30,M,Sinaloa,Diamante,2800,0.3,1960,1646.4,Google ads,13,7,2022
29,M,Guadalajara,Rubí,1900,0.0,1900,1596.0,Instagram,11,7,2022
29,F,Aguascalientes,Rubí,1900,0.0,1900,1596.0,Instagram Ads,31,12,2022
37,F,Baja California,Rubí,1900,0.0,1900,1596.0,Website,18,7,2022
28,F,Monterrey,Diamante,2800,0.3,1960,1646.4,Instagram,8,11,2022
39,F,Monterrey,Rubí,1900,0.0,1900,1596.0,Instagram Ads,25,11,2022
29,M,Zacatecas,Rubí,1900,0.0,1900,1596.0,Instagram Ads,11,8,2022
35,F,Guadalajara,Rubí,1900,0.0,1900,1596.0,Instagram Ads,24,10,2022
29,M,San Luis Potosí,Rubí,1900,0.0,1900,1596.0,Instagram Ads,8,6,2022
30,F,Monterrey,Rubí,1900,0.0,1900,1596.0,Google ads,20,12,2022
40,F,Monterrey,Diamante,2800,0.1,2520,2116.8,Instagram Ads,7,4,2022
26,M,Puebla,Diamante,2800,0.1,2520,2116.8,Google ads,8,11,2022
27,M,Veracruz,Rubí,1900,0.0,1900,1596.0,Google ads,28,10,2022
33,F,San Luis Potosí,Rubí,1900,0.0,1900,1596.0,Instagram Ads,8,8,2022
41,F,Ciudad de México,Diamante,2800,0.3,1960,1646.4,Google ads,18,11,2022
30,M,Guadalajara,Rubí,1900,0.0,1900,1596.0,Website,15,12,2022
25,F,Monterrey,Rubí,1900,0.0,1900,1596.0,Facebook Ads,15,9,2022
30,F,Zacatecas,Diamante,2800,0.2,2240,1881.6,Email,13,10,2022
37,F,Durango,Rubí,1900,0.0,1900,1596.0,Facebook Ads,10,1,2022
43,M,Chiapas,Rubí,1900,0.0,1900,1596.0,Instagram Ads,26,9,2022
29,F,Aguascalientes,Diamante,2800,0.0,2800,2352.0,Facebook Ads,15,11,2022
44,F,San Luis Potosí,Rubí,1900,0.0,1900,1596.0,Facebook Ads,12,9,2022
28,M,Veracruz,Rubí,1900,0.0,1900,1596.0,Google ads,16,10,2022
26,M,Monterrey,Rubí,1900,0.0,1900,1596.0,Instagram Ads,18,7,2022
27,F,Monterrey,Rubí,1900,0.0,1900,1596.0,Google ads,10,7,2022
26,F,Monterrey,Rubí,1900,0.0,1900,1596.0,Website,11,11,2022
25,F,Veracruz,Rubí,1900,0.0,1900,1596.0,Facebook Ads,21,12,2022
30,M,Monterrey,Diamante,2800,0.3,1960,1646.4,Facebook Ads,10,12,2022
27,F,Guadalajara,Rubí,1900,0.0,1900,1596.0,Facebook Ads,12,12,2022
25,F,Veracruz,Rubí,1900,0.0,1900,1596.0,Instagram Ads,13,8,2022
25,M,Guadalajara,Diamante,2800,0.2,2240,1881.6,Google ads,30,8,2022
45,M,Aguascalientes,Rubí,1900,0.0,1900,1596.0,Google ads,17,11,2022
44,F,Monterrey,Diamante,2800,0.1,2520,2116.8,Instagram,13,11,2022
27,M,Zacatecas,Diamante,2800,0.0,2800,2352.0,Facebook Ads,30,8,2022
28,F,Zacatecas,Diamante,2800,0.3,1960,1646.4,Facebook Ads,30,11,2022
25,F,Zacatecas,Rubí,1900,0.0,1900,1596.0,Facebook Ads,24,7,2022
29,M,Aguascalientes,Diamante,2800,0.2,2240,1881.6,Google ads,11,6,2022
25,F,Guadalajara,Diamante,2800,0.0,2800,2352.0,Email,16,10,2022
30,F,Monterrey,Rubí,1900,0.0,1900,1596.0,Facebook Ads,10,3,2022
43,F,Yucatán,Rubí,1900,0.0,1900,1596.0,Google ads,25,12,2022
26,F,Zacatecas,Rubí,1900,0.0,1900,1596.0,Email,27,8,2022
34,F,Guanajuato,Rubí,1900,0.0,1900,1596.0,Facebook Ads,16,8,2022
26,M,Zacatecas,Diamante,2800,0.1,2520,2116.8,Website,25,9,2022
26,F,Monterrey,Diamante,2800,0.2,2240,1881.6,Website,13,8,2022
27,M,Sinaloa,Rubí,1900,0.0,1900,1596.0,Instagram Ads,9,11,2022
26,M,Monterrey,Diamante,2800,0.1,2520,2116.8,Facebook Ads,23,9,2022
27,M,Guadalajara,Rubí,1900,0.0,1900,1596.0,Facebook Ads,9,1,2022
45,F,Zacatecas,Rubí,1900,0.0,1900,1596.0,Email,28,8,2022
40,M,Jalisco,Rubí,1900,0.0,1900,1596.0,Instagram,7,10,2022
26,M,Ciudad de México,Rubí,1900,0.0,1900,1596.0,Website,10,10,2022
25,F,Monterrey,Rubí,1900,0.0,1900,1596.0,Facebook Ads,12,5,2022
30,F,Aguascalientes,Diamante,2800,0.0,2800,2352.0,Instagram Ads,23,11,2022
36,F,Veracruz,Rubí,1900,0.0,1900,1596.0,Instagram Ads,26,7,2022
26,F,Aguascalientes,Rubí,1900,0.0,1900,1596.0,Instagram Ads,30,9,2022
26,F,Monterrey,Diamante,2800,0.2,2240,1881.6,Website,14,9,2022
26,F,Guerrero,Rubí,1900,0.0,1900,1596.0,Email,16,12,2022
29,F,Monterrey,Rubí,1900,0.0,1900,1596.0,Facebook Ads,10,10,2022
29,F,Monterrey,Diamante,2800,0.3,1960,1646.4,Instagram Ads,12,1,2022
30,M,Ciudad de México,Diamante,2800,0.2,2240,1881.6,Whatsapp,26,12,2022
28,F,Zacatecas,Rubí,1900,0.0,1900,1596.0,Google ads,19,11,2022
43,F,Monterrey,Rubí,1900,0.0,1900,1596.0,Instagram Ads,21,12,2022
26,F,Monterrey,Diamante,2800,0.3,1960,1646.4,Google ads,9,4,2022
27,F,Aguascalientes,Diamante,2800,0.0,2800,2352.0,Facebook Ads,25,9,2022
30,M,Ciudad de México,Rubí,1900,0.0,1900,1596.0,Instagram Ads,22,9,2022
45,F,Monterrey,Rubí,1900,0.0,1900,1596.0,Email,10,4,2022
32,F,Monterrey,Diamante,2800,0.2,2240,1881.6,Instagram,11,5,2022
26,M,Monterrey,Rubí,1900,0.0,1900,1596.0,Google ads,8,4,2022
38,M,Guadalajara,Rubí,1900,0.0,1900,1596.0,Google ads,8,10,2022
26,F,Aguascalientes,Rubí,1900,0.0,1900,1596.0,Google ads,13,11,2022
30,F,Guadalajara,Rubí,1900,0.0,1900,1596.0,Instagram Ads,13,11,2022
27,F,Monterrey,Rubí,1900,0.0,1900,1596.0,Facebook Ads,8,9,2022
30,F,Sinaloa,Rubí,1900,0.0,1900,1596.0,Website,7,5,2022
29,M,Guadalajara,Diamante,2800,0.2,2240,1881.6,Website,18,12,2022
30,F,Baja California Sur,Diamante,2800,0.3,1960,1646.4,Email,9,11,2022
35,M,Monterrey,Rubí,1900,0.0,1900,1596.0,Facebook,26,9,2022
25,F,Guadalajara,Diamante,2800,0.1,2520,2116.8,Email,20,12,2022
28,F,Sinaloa,Diamante,2800,0.0,2800,2352.0,Website,14,7,2022
27,M,Baja California,Diamante,2800,0.2,2240,1881.6,Website,15,10,2022
27,M,Monterrey,Rubí,1900,0.0,1900,1596.0,Instagram Ads,18,9,2022
28,F,Monterrey,Diamante,2800,0.0,2800,2352.0,Website,13,11,2022
26,M,Guadalajara,Rubí,1900,0.0,1900,1596.0,Instagram Ads,28,7,2022
40,M,Monterrey,Diamante,2800,0.3,1960,1646.4,Facebook Ads,13,7,2022
29,F,Zacatecas,Diamante,2800,0.0,2800,2352.0,Instagram Ads,8,7,2022
29,F,Ciudad de México,Rubí,1900,0.0,1900,1596.0,Whatsapp,7,10,2022
29,M,Aguascalientes,Diamante,2800,0.0,2800,2352.0,Instagram,24,8,2022
27,F,Aguascalientes,Rubí,1900,0.0,1900,1596.0,Facebook Ads,9,3,2022
29,F,Zacatecas,Rubí,1900,0.0,1900,1596.0,Instagram,11,1,2022
27,F,Zacatecas,Rubí,1900,0.0,1900,1596.0,Instagram Ads,13,12,2022
28,M,Monterrey,Diamante,2800,0.0,2800,2352.0,Google ads,15,11,2022
29,F,Guadalajara,Diamante,2800,0.0,2800,2352.0,Facebook Ads,11,4,2022
25,M,Guadalajara,Rubí,1900,0.0,1900,1596.0,Instagram Ads,16,8,2022
26,M,Veracruz,Rubí,1900,0.0,1900,1596.0,Instagram,8,5,2022
27,F,Baja California Sur,Rubí,1900,0.0,1900,1596.0,Instagram Ads,8,3,2022
26,M,Zacatecas,Rubí,1900,0.0,1900,1596.0,Facebook Ads,8,1,2022
30,M,Guadalajara,Diamante,2800,0.3,1960,1646.4,Instagram Ads,31,8,2022
26,M,Sinaloa,Diamante,2800,0.3,1960,1646.4,Instagram Ads,12,4,2022
35,M,Aguascalientes,Rubí,1900,0.0,1900,1596.0,Facebook Ads,22,12,2022
28,F,Zacatecas,Rubí,1900,0.0,1900,1596.0,Facebook Ads,13,9,2022
30,F,Monterrey,Diamante,2800,0.0,2800,2352.0,Google ads,16,10,2022
27,F,Zacatecas,Rubí,1900,0.0,1900,1596.0,Facebook Ads,18,7,2022
27,F,Campeche,Diamante,2800,0.1,2520,2116.8,Website,9,8,2022
25,F,Ciudad de México,Rubí,1900,0.0,1900,1596.0,Facebook Ads,14,10,2022
30,F,Campeche,Diamante,2800,0.3,1960,1646.4,Website,14,11,2022
30,M,Guadalajara,Diamante,2800,0.0,2800,2352.0,Email,23,9,2022
29,F,Guadalajara,Diamante,2800,0.3,1960,1646.4,Email,7,12,2022
27,F,Aguascalientes,Rubí,1900,0.0,1900,1596.0,Facebook Ads,11,10,2022
26,M,Guadalajara,Rubí,1900,0.0,1900,1596.0,Instagram Ads,10,9,2022
36,M,Guerrero,Diamante,2800,0.0,2800,2352.0,Facebook Ads,8,9,2022
27,F,Monterrey,Rubí,1900,0.0,1900,1596.0,Instagram Ads,16,10,2022
39,F,Monterrey,Rubí,1900,0.0,1900,1596.0,Email,16,10,2022
28,M,Sinaloa,Diamante,2800,0.1,2520,2116.8,Facebook Ads,18,10,2022
29,F,Sinaloa,Diamante,2800,0.2,2240,1881.6,Instagram Ads,29,10,2022
45,M,Zacatecas,Diamante,2800,0.3,1960,1646.4,Google ads,23,7,2022
28,F,Chiapas,Diamante,2800,0.1,2520,2116.8,Website,11,1,2022
33,F,Querétaro,Rubí,1900,0.0,1900,1596.0,Instagram,9,4,2022
30,F,Durango,Rubí,1900,0.0,1900,1596.0,Google ads,17,10,2022
44,F,Guadalajara,Diamante,2800,0.1,2520,2116.8,Instagram Ads,25,7,2022
29,M,Sinaloa,Rubí,1900,0.0,1900,1596.0,Instagram Ads,10,12,2022
29,F,Guadalajara,Diamante,2800,0.1,2520,2116.8,Instagram Ads,12,1,2022
26,F,Guadalajara,Rubí,1900,0.0,1900,1596.0,Website,10,3,2022
33,F,Aguascalientes,Rubí,1900,0.0,1900,1596.0,Facebook Ads,23,7,2022
29,F,Guadalajara,Rubí,1900,0.0,1900,1596.0,Instagram Ads,19,7,2022
40,F,Monterrey,Diamante,2800,0.0,2800,2352.0,Instagram Ads,30,10,2022
30,F,Sinaloa,Diamante,2800,0.0,2800,2352.0,Facebook Ads,9,7,2022
35,M,Ciudad de México,Diamante,2800,0.3,1960,1646.4,Google ads,11,3,2022
30,F,Monterrey,Rubí,1900,0.0,1900,1596.0,Website,14,11,2022
29,F,Guadalajara,Rubí,1900,0.0,1900,1596.0,Facebook Ads,23,8,2022
37,M,Zacatecas,Rubí,1900,0.0,1900,1596.0,Website,19,11,2022
29,F,Guadalajara,Diamante,2800,0.3,1960,1646.4,Email,7,1,2022
41,F,Baja California Sur,Rubí,1900,0.0,1900,1596.0,Facebook Ads,21,12,2022
30,F,Monterrey,Rubí,1900,0.0,1900,1596.0,Website,14,9,2022
27,F,Guadalajara,Rubí,1900,0.0,1900,1596.0,Google ads,11,9,2022
44,F,Monterrey,Rubí,1900,0.0,1900,1596.0,Whatsapp,13,11,2022
27,F,Monterrey,Rubí,1900,0.0,1900,1596.0,Instagram,30,10,2022
30,M,Guadalajara,Rubí,1900,0.0,1900,1596.0,Google ads,25,9,2022
29,F,Guadalajara,Diamante,2800,0.0,2800,2352.0,Facebook Ads,16,11,2022
29,F,Guadalajara,Rubí,1900,0.0,1900,1596.0,Google ads,11,1,2022
29,F,Aguascalientes,Rubí,1900,0.0,1900,1596.0,Instagram Ads,23,9,2022
25,F,Guadalajara,Rubí,1900,0.0,1900,1596.0,Email,10,1,2022
39,F,Veracruz,Rubí,1900,0.0,1900,1596.0,Facebook Ads,27,11,2022
30,M,Guadalajara,Rubí,1900,0.0,1900,1596.0,Website,7,3,2022
25,M,Guadalajara,Diamante,2800,0.2,2240,1881.6,Facebook Ads,8,6,2022
38,M,Chihuahua,Diamante,2800,0.3,1960,1646.4,Instagram,18,7,2022
25,F,Monterrey,Rubí,1900,0.0,1900,1596.0,Instagram Ads,22,12,2022
43,F,Monterrey,Rubí,1900,0.0,1900,1596.0,Instagram Ads,27,8,2022
29,F,Guadalajara,Rubí,1900,0.0,1900,1596.0,Facebook Ads,14,10,2022
38,M,Guadalajara,Rubí,1900,0.0,1900,1596.0,Facebook Ads,9,6,2022
26,F,Zacatecas,Rubí,1900,0.0,1900,1596.0,Website,12,2,2022
34,M,Aguascalientes,Rubí,1900,0.0,1900,1596.0,Instagram Ads,23,12,2022
25,M,Chihuahua,Rubí,1900,0.0,1900,1596.0,Facebook Ads,19,8,2022
30,F,Sinaloa,Rubí,1900,0.0,1900,1596.0,Instagram,26,11,2022
29,M,Guadalajara,Rubí,1900,0.0,1900,1596.0,Instagram Ads,29,10,2022
25,M,Querétaro,Rubí,1900,0.0,1900,1596.0,Website,17,8,2022
30,F,Zacatecas,Diamante,2800,0.2,2240,1881.6,Google ads,27,12,2022
30,M,Aguascalientes,Rubí,1900,0.0,1900,1596.0,Email,7,7,2022
27,F,Ciudad de México,Rubí,1900,0.0,1900,1596.0,Website,9,3,2022
26,M,Monterrey,Rubí,1900,0.0,1900,1596.0,Instagram Ads,18,8,2022
45,M,Nuevo León,Rubí,1900,0.0,1900,1596.0,Google ads,13,12,2022
30,M,Baja California Sur,Rubí,1900,0.0,1900,1596.0,Instagram Ads,21,12,2022
25,F,Veracruz,Diamante,2800,0.3,1960,1646.4,Facebook,9,5,2022
25,F,Monterrey,Rubí,1900,0.0,1900,1596.0,Instagram Ads,17,11,2022
28,F,Guadalajara,Diamante,2800,0.1,2520,2116.8,Email,10,9,2022
27,M,Guadalajara,Rubí,1900,0.0,1900,1596.0,Facebook Ads,23,9,2022
28,M,Veracruz,Diamante,2800,0.0,2800,2352.0,Google ads,12,10,2022
36,F,Monterrey,Rubí,1900,0.0,1900,1596.0,Instagram Ads,9,4,2022
28,F,Guadalajara,Rubí,1900,0.0,1900,1596.0,Instagram Ads,26,12,2022
27,F,Monterrey,Diamante,2800,0.0,2800,2352.0,Instagram Ads,23,11,2022
29,F,Guadalajara,Rubí,1900,0.0,1900,1596.0,Instagram Ads,20,12,2022
45,F,Aguascalientes,Rubí,1900,0.0,1900,1596.0,Facebook,8,1,2022
27,F,Guadalajara,Rubí,1900,0.0,1900,1596.0,Email,30,11,2022
29,M,Aguascalientes,Rubí,1900,0.0,1900,1596.0,Email,28,11,2022
32,F,Aguascalientes,Diamante,2800,0.3,1960,1646.4,Instagram Ads,19,7,2022
25,M,Guadalajara,Diamante,2800,0.2,2240,1881.6,Google ads,16,7,2022
25,F,Monterrey,Diamante,2800,0.1,2520,2116.8,Instagram Ads,12,5,2022
27,M,Sinaloa,Rubí,1900,0.0,1900,1596.0,Facebook Ads,24,8,2022
35,F,Guadalajara,Rubí,1900,0.0,1900,1596.0,Website,17,10,2022
29,M,Zacatecas,Diamante,2800,0.3,1960,1646.4,Website,13,8,2022
38,F,Zacatecas,Diamante,2800,0.3,1960,1646.4,Whatsapp,28,12,2022
27,M,Guadalajara,Rubí,1900,0.0,1900,1596.0,Website,11,8,2022
27,M,Guadalajara,Rubí,1900,0.0,1900,1596.0,Instagram,9,11,2022
26,M,Zacatecas,Diamante,2800,0.1,2520,2116.8,Instagram Ads,10,7,2022
28,F,Monterrey,Rubí,1900,0.0,1900,1596.0,Email,18,11,2022
28,F,Zacatecas,Diamante,2800,0.0,2800,2352.0,Google ads,11,7,2022
26,F,Veracruz,Rubí,1900,0.0,1900,1596.0,Whatsapp,10,6,2022
27,M,Veracruz,Rubí,1900,0.0,1900,1596.0,Facebook Ads,15,7,2022
32,F,Monterrey,Rubí,1900,0.0,1900,1596.0,Facebook Ads,9,5,2022
34,F,Monterrey,Rubí,1900,0.0,1900,1596.0,Instagram Ads,15,10,2022
29,F,Guadalajara,Rubí,1900,0.0,1900,1596.0,Website,11,6,2022
26,F,Guadalajara,Diamante,2800,0.3,1960,1646.4,Facebook,8,4,2022
44,M,Veracruz,Diamante,2800,0.2,2240,1881.6,Facebook Ads,10,1,2022
25,F,Guadalajara,Rubí,1900,0.0,1900,1596.0,Instagram Ads,30,12,2022
26,F,Sinaloa,Diamante,2800,0.1,2520,2116.8,Google ads,22,12,2022
26,M,Monterrey,Diamante,2800,0.1,2520,2116.8,Instagram Ads,25,9,2022
35,F,Monterrey,Diamante,2800,0.3,1960,1646.4,Facebook Ads,7,5,2022
29,F,Monterrey,Rubí,1900,0.0,1900,1596.0,Facebook Ads,26,11,2022
26,F,Yucatán,Diamante,2800,0.0,2800,2352.0,Website,12,6,2022
25,F,Tamaulipas,Rubí,1900,0.0,1900,1596.0,Facebook Ads,9,7,2022
28,F,Baja California,Diamante,2800,0.3,1960,1646.4,Facebook Ads,23,8,2022
29,M,Monterrey,Rubí,1900,0.0,1900,1596.0,Facebook,23,12,2022
29,F,Aguascalientes,Diamante,2800,0.0,2800,2352.0,Website,22,11,2022
33,M,Monterrey,Rubí,1900,0.0,1900,1596.0,Instagram Ads,27,10,2022
30,M,Oaxaca,Rubí,1900,0.0,1900,1596.0,Email,29,10,2022
27,F,Guadalajara,Diamante,2800,0.3,1960,1646.4,Website,30,10,2022
26,F,Guadalajara,Diamante,2800,0.2,2240,1881.6,Facebook Ads,17,8,2022
31,M,Monterrey,Rubí,1900,0.0,1900,1596.0,Facebook Ads,21,12,2022
39,F,Veracruz,Diamante,2800,0.0,2800,2352.0,Instagram Ads,19,12,2022
29,F,Monterrey,Rubí,1900,0.0,1900,1596.0,Email,7,2,2022
29,F,Monterrey,Rubí,1900,0.0,1900,1596.0,Instagram Ads,28,11,2022
29,M,Veracruz,Rubí,1900,0.0,1900,1596.0,Whatsapp,10,10,2022
31,M,Aguascalientes,Rubí,1900,0.0,1900,1596.0,Facebook Ads,27,8,2022
26,F,Zacatecas,Rubí,1900,0.0,1900,1596.0,Instagram Ads,26,11,2022
28,M,Veracruz,Diamante,2800,0.0,2800,2352.0,Facebook Ads,11,4,2022
42,F,Guadalajara,Rubí,1900,0.0,1900,1596.0,Email,14,7,2022
28,F,Campeche,Diamante,2800,0.0,2800,2352.0,Google ads,17,8,2022
29,F,Zacatecas,Rubí,1900,0.0,1900,1596.0,Instagram Ads,31,8,2022
26,M,Veracruz,Diamante,2800,0.2,2240,1881.6,Whatsapp,10,1,2022
25,F,Monterrey,Rubí,1900,0.0,1900,1596.0,Instagram Ads,11,2,2022
29,M,Guadalajara,Diamante,2800,0.0,2800,2352.0,Website,22,7,2022
30,M,Ciudad de México,Rubí,1900,0.0,1900,1596.0,Website,9,8,2022
25,M,Guadalajara,Diamante,2800,0.2,2240,1881.6,Instagram Ads,14,8,2022
33,F,Chiapas,Rubí,1900,0.0,1900,1596.0,Facebook Ads,7,4,2022
30,F,Guadalajara,Diamante,2800,0.2,2240,1881.6,Google ads,15,9,2022
26,F,Oaxaca,Diamante,2800,0.0,2800,2352.0,Email,22,7,2022
28,F,Veracruz,Diamante,2800,0.1,2520,2116.8,Google ads,16,7,2022
27,F,Monterrey,Rubí,1900,0.0,1900,1596.0,Website,13,10,2022
30,F,Guadalajara,Rubí,1900,0.0,1900,1596.0,Google ads,10,4,2022
30,F,Monterrey,Diamante,2800,0.2,2240,1881.6,Whatsapp,30,11,2022
29,F,Baja California Sur,Diamante,2800,0.1,2520,2116.8,Facebook Ads,30,12,2022
26,M,Veracruz,Rubí,1900,0.0,1900,1596.0,Google ads,16,10,2022
25,F,Monterrey,Rubí,1900,0.0,1900,1596.0,Facebook,7,9,2022
28,M,Monterrey,Rubí,1900,0.0,1900,1596.0,Google ads,18,11,2022
27,F,Sinaloa,Rubí,1900,0.0,1900,1596.0,Instagram,26,12,2022
26,M,Aguascalientes,Rubí,1900,0.0,1900,1596.0,Email,10,7,2022
33,F,Ciudad de México,Diamante,2800,0.3,1960,1646.4,Facebook Ads,8,1,2022
25,F,Sinaloa,Rubí,1900,0.0,1900,1596.0,Facebook Ads,20,12,2022
26,F,Monterrey,Diamante,2800,0.2,2240,1881.6,Facebook,20,11,2022
25,M,Veracruz,Diamante,2800,0.0,2800,2352.0,Email,18,12,2022
26,F,Baja California,Diamante,2800,0.3,1960,1646.4,Facebook Ads,19,7,2022
45,F,Guadalajara,Rubí,1900,0.0,1900,1596.0,Google ads,9,4,2022
27,F,Veracruz,Rubí,1900,0.0,1900,1596.0,Instagram,8,5,2022
26,F,Guadalajara,Diamante,2800,0.1,2520,2116.8,Instagram Ads,26,8,2022
30,F,Sinaloa,Diamante,2800,0.3,1960,1646.4,Instagram Ads,12,5,2022
30,F,Guadalajara,Diamante,2800,0.1,2520,2116.8,Email,15,9,2022
26,M,Monterrey,Diamante,2800,0.2,2240,1881.6,Google ads,9,10,2022
35,F,Guadalajara,Rubí,1900,0.0,1900,1596.0,Facebook Ads,25,7,2022
42,M,Zacatecas,Rubí,1900,0.0,1900,1596.0,Instagram Ads,9,12,2022
27,F,Querétaro,Rubí,1900,0.0,1900,1596.0,Whatsapp,14,11,2022
30,F,Zacatecas,Rubí,1900,0.0,1900,1596.0,Facebook Ads,25,12,2022
36,F,San Luis Potosí,Rubí,1900,0.0,1900,1596.0,Instagram Ads,10,3,2022
30,F,Monterrey,Diamante,2800,0.0,2800,2352.0,Facebook Ads,12,1,2022
40,F,Zacatecas,Rubí,1900,0.0,1900,1596.0,Facebook Ads,13,12,2022
26,F,Guadalajara,Rubí,1900,0.0,1900,1596.0,Instagram Ads,7,7,2022
44,M,Veracruz,Diamante,2800,0.1,2520,2116.8,Website,9,2,2022
29,F,Tamaulipas,Rubí,1900,0.0,1900,1596.0,Facebook Ads,7,11,2022
27,M,Oaxaca,Rubí,1900,0.0,1900,1596.0,Google ads,28,8,2022
45,M,Chihuahua,Rubí,1900,0.0,1900,1596.0,Google ads,7,12,2022
29,F,Sinaloa,Rubí,1900,0.0,1900,1596.0,Instagram Ads,11,8,2022
40,F,Guanajuato,Rubí,1900,0.0,1900,1596.0,Website,27,9,2022
26,F,Campeche,Rubí,1900,0.0,1900,1596.0,Website,13,11,2022
29,M,Guadalajara,Rubí,1900,0.0,1900,1596.0,Email,24,7,2022
27,F,Monterrey,Rubí,1900,0.0,1900,1596.0,Google ads,27,11,2022
44,F,Zacatecas,Rubí,1900,0.0,1900,1596.0,Instagram,7,7,2022
29,M,Monterrey,Rubí,1900,0.0,1900,1596.0,Website,20,9,2022
30,M,Guadalajara,Diamante,2800,0.3,1960,1646.4,Whatsapp,30,7,2022
38,F,Coahuila,Diamante,2800,0.2,2240,1881.6,Instagram,10,3,2022
27,F,Zacatecas,Rubí,1900,0.0,1900,1596.0,Google ads,17,7,2022
29,F,Nuevo León,Rubí,1900,0.0,1900,1596.0,Email,29,10,2022
29,M,Campeche,Rubí,1900,0.0,1900,1596.0,Website,11,4,2022
27,F,Monterrey,Rubí,1900,0.0,1900,1596.0,Instagram Ads,8,6,2022
27,F,Monterrey,Rubí,1900,0.0,1900,1596.0,Google ads,31,8,2022
29,F,Monterrey,Diamante,2800,0.0,2800,2352.0,Google ads,24,10,2022
26,F,Zacatecas,Rubí,1900,0.0,1900,1596.0,Website,23,7,2022
25,M,Monterrey,Diamante,2800,0.0,2800,2352.0,Facebook Ads,20,11,2022
44,F,Monterrey,Rubí,1900,0.0,1900,1596.0,Email,12,9,2022
28,F,Monterrey,Rubí,1900,0.0,1900,1596.0,Whatsapp,22,8,2022
37,F,Guadalajara,Rubí,1900,0.0,1900,1596.0,Google ads,11,10,2022
32,M,Campeche,Rubí,1900,0.0,1900,1596.0,Instagram Ads,25,12,2022
27,F,Guadalajara,Rubí,1900,0.0,1900,1596.0,Instagram Ads,15,11,2022
30,F,Coahuila,Rubí,1900,0.0,1900,1596.0,Instagram Ads,18,8,2022
41,F,Monterrey,Diamante,2800,0.3,1960,1646.4,Facebook Ads,13,12,2022
39,M,Monterrey,Diamante,2800,0.1,2520,2116.8,Facebook,26,9,2022
29,F,Guadalajara,Rubí,1900,0.0,1900,1596.0,Email,29,12,2022
28,F,Sinaloa,Rubí,1900,0.0,1900,1596.0,Instagram Ads,18,7,2022
29,M,Guadalajara,Rubí,1900,0.0,1900,1596.0,Instagram Ads,23,7,2022
25,F,Monterrey,Rubí,1900,0.0,1900,1596.0,Google ads,21,10,2022
27,M,Monterrey,Rubí,1900,0.0,1900,1596.0,Email,20,7,2022
25,F,Aguascalientes,Diamante,2800,0.1,2520,2116.8,Facebook Ads,21,8,2022
42,M,Monterrey,Rubí,1900,0.0,1900,1596.0,Instagram Ads,21,11,2022
27,F,Zacatecas,Diamante,2800,0.3,1960,1646.4,Facebook Ads,24,7,2022
43,M,Zacatecas,Rubí,1900,0.0,1900,1596.0,Instagram Ads,7,10,2022
27,F,Monterrey,Rubí,1900,0.0,1900,1596.0,Facebook Ads,19,9,2022
25,F,Ciudad de México,Rubí,1900,0.0,1900,1596.0,Instagram Ads,18,11,2022
35,F,Guadalajara,Rubí,1900,0.0,1900,1596.0,Google ads,15,8,2022
29,M,Guadalajara,Diamante,2800,0.3,1960,1646.4,Facebook,21,12,2022
30,F,Zacatecas,Rubí,1900,0.0,1900,1596.0,Email,30,10,2022
29,F,Tamaulipas,Rubí,1900,0.0,1900,1596.0,Instagram Ads,12,1,2022
26,M,Guadalajara,Rubí,1900,0.0,1900,1596.0,Instagram,7,4,2022
27,M,Monterrey,Diamante,2800,0.0,2800,2352.0,Email,24,10,2022
27,F,Guadalajara,Rubí,1900,0.0,1900,1596.0,Instagram Ads,19,12,2022
30,F,Guadalajara,Diamante,2800,0.0,2800,2352.0,Instagram Ads,15,10,2022
45,F,Monterrey,Rubí,1900,0.0,1900,1596.0,Instagram Ads,30,8,2022
34,F,Veracruz,Diamante,2800,0.1,2520,2116.8,Website,25,11,2022
32,F,Puebla,Diamante,2800,0.1,2520,2116.8,Instagram,8,7,2022
28,F,Monterrey,Rubí,1900,0.0,1900,1596.0,Google ads,7,12,2022
27,F,Guadalajara,Rubí,1900,0.0,1900,1596.0,Whatsapp,29,8,2022
44,M,Chiapas,Rubí,1900,0.0,1900,1596.0,Facebook Ads,14,11,2022
25,F,Zacatecas,Rubí,1900,0.0,1900,1596.0,Facebook Ads,15,9,2022
25,M,Veracruz,Rubí,1900,0.0,1900,1596.0,Whatsapp,7,5,2022
25,F,Guadalajara,Rubí,1900,0.0,1900,1596.0,Email,10,8,2022
38,F,Oaxaca,Rubí,1900,0.0,1900,1596.0,Website,13,8,2022
30,M,Aguascalientes,Rubí,1900,0.0,1900,1596.0,Email,7,4,2022
27,M,Yucatán,Rubí,1900,0.0,1900,1596.0,Instagram Ads,12,3,2022
27,F,Aguascalientes,Diamante,2800,0.2,2240,1881.6,Facebook Ads,10,9,2022
26,M,Monterrey,Diamante,2800,0.0,2800,2352.0,Facebook Ads,24,11,2022
28,M,Ciudad de México,Rubí,1900,0.0,1900,1596.0,Instagram,8,4,2022
25,F,Aguascalientes,Diamante,2800,0.1,2520,2116.8,Instagram Ads,12,6,2022
29,M,Querétaro,Diamante,2800,0.2,2240,1881.6,Instagram Ads,12,1,2022
28,F,Guadalajara,Diamante,2800,0.1,2520,2116.8,Google ads,8,8,2022
25,F,Veracruz,Rubí,1900,0.0,1900,1596.0,Google ads,21,12,2022
29,F,Monterrey,Rubí,1900,0.0,1900,1596.0,Facebook Ads,21,7,2022
26,F,Guadalajara,Diamante,2800,0.3,1960,1646.4,Google ads,10,4,2022
40,M,Monterrey,Rubí,1900,0.0,1900,1596.0,Facebook,27,7,2022
43,M,Guadalajara,Diamante,2800,0.3,1960,1646.4,Instagram Ads,14,7,2022
29,M,Guadalajara,Rubí,1900,0.0,1900,1596.0,Google ads,25,8,2022
30,F,Sinaloa,Diamante,2800,0.3,1960,1646.4,Website,29,8,2022
26,F,Guadalajara,Diamante,2800,0.0,2800,2352.0,Email,8,7,2022
26,M,San Luis Potosí,Rubí,1900,0.0,1900,1596.0,Google ads,20,12,2022
27,F,Guadalajara,Rubí,1900,0.0,1900,1596.0,Facebook Ads,30,9,2022
26,F,Monterrey,Rubí,1900,0.0,1900,1596.0,Facebook Ads,18,9,2022
39,F,Monterrey,Diamante,2800,0.0,2800,2352.0,Instagram Ads,29,7,2022
30,M,Nayarit,Rubí,1900,0.0,1900,1596.0,Website,7,8,2022
34,F,Ciudad de México,Rubí,1900,0.0,1900,1596.0,Facebook Ads,26,11,2022
26,F,Chiapas,Rubí,1900,0.0,1900,1596.0,Facebook Ads,24,11,2022
28,M,Puebla,Diamante,2800,0.1,2520,2116.8,Instagram Ads,14,10,2022
25,F,Guadalajara,Diamante,2800,0.2,2240,1881.6,Email,28,9,2022
28,F,Aguascalientes,Rubí,1900,0.0,1900,1596.0,Facebook Ads,8,6,2022
30,M,Zacatecas,Diamante,2800,0.3,1960,1646.4,Google ads,24,9,2022
26,M,Guerrero,Diamante,2800,0.2,2240,1881.6,Google ads,24,7,2022
31,F,Guerrero,Rubí,1900,0.0,1900,1596.0,Facebook,11,4,2022
30,F,Monterrey,Rubí,1900,0.0,1900,1596.0,Google ads,25,11,2022
28,F,Monterrey,Rubí,1900,0.0,1900,1596.0,Facebook Ads,18,12,2022
43,M,Monterrey,Rubí,1900,0.0,1900,1596.0,Instagram Ads,21,9,2022
34,M,Coahuila,Rubí,1900,0.0,1900,1596.0,Google ads,27,8,2022
27,M,Guadalajara,Rubí,1900,0.0,1900,1596.0,Instagram Ads,28,12,2022
26,F,Guadalajara,Rubí,1900,0.0,1900,1596.0,Email,8,5,2022
37,F,San Luis Potosí,Rubí,1900,0.0,1900,1596.0,Website,26,7,2022
34,F,Aguascalientes,Rubí,1900,0.0,1900,1596.0,Email,19,7,2022
29,F,Sinaloa,Diamante,2800,0.0,2800,2352.0,Facebook Ads,27,7,2022
30,M,Guadalajara,Rubí,1900,0.0,1900,1596.0,Facebook Ads,26,11,2022
30,F,Guadalajara,Rubí,1900,0.0,1900,1596.0,Instagram Ads,25,10,2022
31,M,Zacatecas,Rubí,1900,0.0,1900,1596.0,Facebook Ads,7,1,2022
29,M,Monterrey,Rubí,1900,0.0,1900,1596.0,Instagram Ads,23,12,2022
26,F,Guerrero,Rubí,1900,0.0,1900,1596.0,Google ads,12,8,2022
27,F,Guadalajara,Diamante,2800,0.3,1960,1646.4,Instagram Ads,7,10,2022
29,M,Monterrey,Diamante,2800,0.2,2240,1881.6,Facebook Ads,8,9,2022
28,M,Monterrey,Rubí,1900,0.0,1900,1596.0,Website,7,6,2022
27,F,Oaxaca,Rubí,1900,0.0,1900,1596.0,Facebook Ads,16,8,2022
30,F,Aguascalientes,Rubí,1900,0.0,1900,1596.0,Website,12,5,2022
31,F,Veracruz,Rubí,1900,0.0,1900,1596.0,Google ads,21,7,2022
26,F,Zacatecas,Rubí,1900,0.0,1900,1596.0,Facebook,8,10,2022
26,F,Monterrey,Rubí,1900,0.0,1900,1596.0,Instagram,22,9,2022
27,F,Aguascalientes,Rubí,1900,0.0,1900,1596.0,Facebook Ads,29,7,2022
26,F,Aguascalientes,Rubí,1900,0.0,1900,1596.0,Google ads,23,8,2022
26,F,Querétaro,Diamante,2800,0.2,2240,1881.6,Instagram Ads,7,2,2022
26,F,Monterrey,Rubí,1900,0.0,1900,1596.0,Whatsapp,9,5,2022
40,F,Monterrey,Diamante,2800,0.1,2520,2116.8,Instagram Ads,25,8,2022
30,F,Jalisco,Rubí,1900,0.0,1900,1596.0,Whatsapp,12,4,2022
37,F,Baja California Sur,Diamante,2800,0.0,2800,2352.0,Instagram Ads,28,8,2022
27,M,Campeche,Rubí,1900,0.0,1900,1596.0,Website,11,5,2022
25,F,Guadalajara,Rubí,1900,0.0,1900,1596.0,Facebook Ads,21,8,2022
29,F,Veracruz,Rubí,1900,0.0,1900,1596.0,Google ads,21,7,2022
30,F,Monterrey,Diamante,2800,0.0,2800,2352.0,Website,8,5,2022
28,F,Monterrey,Rubí,1900,0.0,1900,1596.0,Email,30,9,2022
26,F,Zacatecas,Rubí,1900,0.0,1900,1596.0,Google ads,11,4,2022
28,M,Zacatecas,Rubí,1900,0.0,1900,1596.0,Facebook Ads,23,9,2022
35,M,Zacatecas,Diamante,2800,0.2,2240,1881.6,Instagram Ads,27,7,2022
31,F,Veracruz,Rubí,1900,0.0,1900,1596.0,Google ads,8,8,2022
25,M,Coahuila,Diamante,2800,0.0,2800,2352.0,Google ads,12,5,2022
30,F,Zacatecas,Rubí,1900,0.0,1900,1596.0,Facebook,20,11,2022
29,F,Monterrey,Diamante,2800,0.3,1960,1646.4,Google ads,15,7,2022
27,F,Baja California Sur,Rubí,1900,0.0,1900,1596.0,Email,19,12,2022
29,F,Guadalajara,Rubí,1900,0.0,1900,1596.0,Facebook Ads,8,5,2022
38,M,Chihuahua,Diamante,2800,0.3,1960,1646.4,Google ads,15,7,2022
34,F,Veracruz,Rubí,1900,0.0,1900,1596.0,Google ads,7,12,2022
37,F,Sinaloa,Diamante,2800,0.2,2240,1881.6,Instagram Ads,12,5,2022
27,F,Querétaro,Rubí,1900,0.0,1900,1596.0,Email,9,9,2022
36,M,Veracruz,Diamante,2800,0.0,2800,2352.0,Instagram Ads,13,9,2022
27,F,Veracruz,Rubí,1900,0.0,1900,1596.0,Website,11,5,2022
30,M,Jalisco,Diamante,2800,0.2,2240,1881.6,Google ads,11,9,2022
28,M,Durango,Rubí,1900,0.0,1900,1596.0,Google ads,22,10,2022
25,M,Sinaloa,Diamante,2800,0.0,2800,2352.0,Facebook,14,9,2022
29,F,Guadalajara,Rubí,1900,0.0,1900,1596.0,Website,28,12,2022
27,M,Guadalajara,Diamante,2800,0.2,2240,1881.6,Website,26,10,2022
29,F,Guadalajara,Rubí,1900,0.0,1900,1596.0,Website,30,12,2022
25,M,Guadalajara,Diamante,2800,0.2,2240,1881.6,Facebook Ads,12,3,2022
33,M,Baja California,Rubí,1900,0.0,1900,1596.0,Facebook Ads,23,11,2022
25,M,Veracruz,Rubí,1900,0.0,1900,1596.0,Email,20,11,2022
29,F,Campeche,Diamante,2800,0.3,1960,1646.4,Google ads,12,10,2022
26,M,Guadalajara,Diamante,2800,0.0,2800,2352.0,Facebook Ads,28,9,2022
40,M,Guadalajara,Diamante,2800,0.1,2520,2116.8,Instagram Ads,7,6,2022
25,F,Sinaloa,Rubí,1900,0.0,1900,1596.0,Instagram Ads,11,7,2022
45,F,Sinaloa,Rubí,1900,0.0,1900,1596.0,Whatsapp,23,11,2022
30,F,Veracruz,Rubí,1900,0.0,1900,1596.0,Instagram Ads,12,1,2022
25,F,Zacatecas,Diamante,2800,0.1,2520,2116.8,Instagram Ads,13,10,2022
30,F,Monterrey,Rubí,1900,0.0,1900,1596.0,Google ads,15,10,2022
